"UserID","Username","Email","Password","Birthday","Goals"
"1","epicrunner32","epicrunner32@explore.net","4'*N(H!1c7of","1980-10-01","strengthen"
"10","savvyrunner13","savvyrunner13@island.io","!;X)~l-,2lG$","2007-08-07","strengthen"
"100","prehistoricthinker88","prehistoricthinker88@adventure.com","0.;>b-:;&u+7","1978-08-06","bulk up"
"1000","wildrider23","wildrider23@adventure.com","M%{bjA&y+9Th","2000-06-07","lose weight"
"101","slimygeorge46","slimygeorge46@explore.net","[wGrR(AesJ)i","1967-07-02","strengthen"
"102","epicrunner88","epicrunner88@explore.net","Ms&F5Fa;oVnX","2006-12-16","strengthen"
"103","vividcreamer23","vividcreamer23@explore.net","H091~[z%@-*z","2001-03-28","strengthen"
"104","mysticpopcorn87","mysticpopcorn87@adventure.com","HO""[U5ii:(#@""","1995-08-06","bulk up"
"105","wildthinker46","wildthinker46@island.io","S8b]@I7,{l/U","1998-08-13","lose weight"
"106","quickjumper45","quickjumper45@adventure.com","`o:];`%KnPHp","2008-12-28","strengthen"
"107","wildrunner34","wildrunner34@island.io","0GX._Ys4bn2v","1989-02-27","strengthen"
"108","vividjumper42","vividjumper42@adventure.com","Cpdl}b92<,xV","1994-10-25","bulk up"
"109","savvyrunner3","savvyrunner3@adventure.com","KSis`eNVJQdE","1978-01-02","strengthen"
"11","mysticvietnam51","mysticvietnam51@island.io","pfZsKnbf@qQN","2006-10-01","strengthen"
"110","slimyskateboard57","slimyskateboard57@adventure.com","%%jicR(-><Td","1972-04-28","strengthen"
"111","mysticgecko36","mysticgecko36@adventure.com","ER8UcE*tIAX3","1987-09-16","bulk up"
"112","quietthinker19","quietthinker19@island.io","g0evn{\48^Yd","1973-04-15","lose weight"
"113","epicplayer1","epicplayer1@adventure.com","y)56HH5kx=CN","2000-03-19","lose weight"
"114","quietpopcorn80","quietpopcorn80@island.io","q/+{SMdR>m1e","1986-12-03","strengthen"
"115","quietcreamer94","quietcreamer94@island.io","PsI-&`2.C0V4","1980-07-12","lose weight"
"116","epicgecko70","epicgecko70@island.io","/;v@rA)#f04J","1995-06-08","bulk up"
"117","wildcreamer87","wildcreamer87@explore.net","ay,W:rEb'?l@","2001-01-25","strengthen"
"118","wildgeorge29","wildgeorge29@island.io","Y,5+'2<XV6=p","1973-05-05","bulk up"
"119","mysticrider30","mysticrider30@explore.net","j?<6!4V~-I\<","1961-02-20","strengthen"
"12","savvypopcorn84","savvypopcorn84@explore.net","zY,8lS{u|pL,","2006-08-09","lose weight"
"120","coolthinker43","coolthinker43@adventure.com","l+\ksHoY5HMx","1985-03-26","lose weight"
"121","prehistoricplayer4","prehistoricplayer4@adventure.com","Apb_p/#a@giw","2003-02-22","lose weight"
"122","epiccreamer73","epiccreamer73@island.io","H!L?g%X0yEe3","1979-09-28","bulk up"
"123","epicjumper61","epicjumper61@island.io","W3z:vCsmnOt=","2007-07-09","strengthen"
"124","mysticrider18","mysticrider18@adventure.com","""oWBUt1)GZ*J""","1962-08-13","bulk up"
"125","wildgecko62","wildgecko62@island.io","AT;l2e/l*4~T","1975-05-04","bulk up"
"126","savvypopcorn89","savvypopcorn89@island.io","jVFcV43^nCI\","1961-10-29","lose weight"
"127","quickpopcorn33","quickpopcorn33@explore.net","9_4vpq0^:*2q","1963-11-10","bulk up"
"128","cooljumper64","cooljumper64@adventure.com","=A$/gz<f65[""""","1989-11-10","strengthen"
"129","epicvietnam31","epicvietnam31@adventure.com","}{]]O-/vCc#J","1988-07-18","lose weight"
"13","prehistoricrunner30","prehistoricrunner30@explore.net",":oOY%H)?:]!-","1989-08-28","lose weight"
"130","slimyvietnam45","slimyvietnam45@adventure.com","1Z^!>hjx{@94","2006-08-26","lose weight"
"131","coolskateboard27","coolskateboard27@island.io","1/bV>b0'CVz~","1976-08-24","lose weight"
"132","coolpopcorn3","coolpopcorn3@island.io","o}s[JO0&:]&L","1960-01-14","strengthen"
"133","georgejumper58","georgejumper58@island.io","QT~=j=dL0!2B","1992-08-08","lose weight"
"134","prehistoricthinker70","prehistoricthinker70@explore.net","ib7L`QeLKuiK","2007-04-21","strengthen"
"135","savvyskateboard38","savvyskateboard38@adventure.com","Wl|~NT;_I}9m","1965-01-01","strengthen"
"136","quickrunner31","quickrunner31@adventure.com","|i%lG|NZP\cA","2001-11-13","bulk up"
"137","quickgeorge74","quickgeorge74@island.io","B~7#JP\kHbj9","1977-04-13","bulk up"
"138","wildrunner27","wildrunner27@adventure.com","(Q(\gfUyX#Y?","1991-12-30","strengthen"
"139","slimyskateboard69","slimyskateboard69@island.io","\g9)rkE4.]|\","1962-05-25","lose weight"
"14","prehistoricgeorge82","prehistoricgeorge82@explore.net","N3q}(4/,L_s0","1971-10-17","bulk up"
"140","slimypopcorn78","slimypopcorn78@explore.net","~n_P.\4##?]f","1975-02-04","strengthen"
"141","quickpopcorn60","quickpopcorn60@adventure.com","Mvo{?IG)f{|}","1994-09-06","strengthen"
"142","quietgeorge90","quietgeorge90@explore.net","^F7K^.lxy-5.","2007-04-26","strengthen"
"143","slimycreamer58","slimycreamer58@adventure.com",":'\t$zX{Hdar","1983-10-30","lose weight"
"144","vividskateboard32","vividskateboard32@adventure.com","Km6-W(%S?(._","1982-10-13","lose weight"
"145","georgerunner91","georgerunner91@explore.net","g`bch%=i2.2@","1975-01-28","strengthen"
"146","slimyjumper8","slimyjumper8@adventure.com","/J0u)vBD[Y]x","1981-12-10","bulk up"
"147","coolthinker29","coolthinker29@explore.net",".U3Mu""h*v5p2""","1971-11-25","strengthen"
"148","mysticvietnam35","mysticvietnam35@island.io","H0K""mCnAg!-z""","1985-06-25","bulk up"
"149","vividthinker35","vividthinker35@island.io","<,}WA]ug2ld;","1981-08-12","bulk up"
"15","georgerider21","georgerider21@explore.net","((a}ha@[{d7z","1972-07-17","strengthen"
"150","savvyplayer79","savvyplayer79@explore.net","(}\`2p?&R?Hf","2007-04-05","lose weight"
"151","mysticcreamer9","mysticcreamer9@explore.net","vEcmz2!t+&69","1964-11-09","bulk up"
"152","savvyvietnam88","savvyvietnam88@island.io","DiEgrOl.HM8z","2006-10-02","bulk up"
"153","coolthinker10","coolthinker10@explore.net",".Y^BkPrN?qgQ","1997-06-03","lose weight"
"154","mysticcreamer20","mysticcreamer20@explore.net","R!2<""iH`GEgv""","1981-02-25","strengthen"
"155","savvythinker85","savvythinker85@island.io","twcNkdq\P""E.""","1976-02-04","lose weight"
"156","vividcreamer73","vividcreamer73@adventure.com","]<3Fq}bP%!oW","1991-10-05","strengthen"
"157","quietvietnam67","quietvietnam67@island.io","Lx/e<.Y8ia^^","1997-10-26","strengthen"
"158","mysticplayer40","mysticplayer40@adventure.com","@(Imb|*cJ+UO","2000-10-26","strengthen"
"159","prehistoricskateboard58","prehistoricskateboard58@adventure.com","Y9Dw}'xa>%^a","1967-10-30","strengthen"
"16","coolgeorge15","coolgeorge15@adventure.com","lYAX;UWFDfKF","2000-04-23","bulk up"
"160","quickpopcorn64","quickpopcorn64@adventure.com","`w5`={Pbie1~","1985-01-31","strengthen"
"161","quietgeorge68","quietgeorge68@explore.net","f%PApG#Ap7NF","1966-09-23","lose weight"
"162","vividvietnam92","vividvietnam92@explore.net","9O-g/MI+fSt_","2007-12-19","lose weight"
"163","wildjumper64","wildjumper64@island.io","@tXYw,V2c4u""""","1989-11-13","strengthen"
"164","georgecreamer94","georgecreamer94@adventure.com","!Ia@z+VZ!WFB","2004-02-05","strengthen"
"165","cooljumper48","cooljumper48@explore.net","~PbaIs=wc/3}","2003-02-22","strengthen"
"166","mysticgecko76","mysticgecko76@adventure.com","|MMjNI95|pJ?","1997-01-03","strengthen"
"167","mysticcreamer64","mysticcreamer64@adventure.com","L(cZ_riW7[L!","1969-11-06","lose weight"
"168","mysticrider70","mysticrider70@island.io","c\;um*u<BB>f","1999-01-24","bulk up"
"169","quickskateboard16","quickskateboard16@adventure.com","o;qT\NY:qmH&","1984-11-20","strengthen"
"17","slimythinker62","slimythinker62@adventure.com","rC-2G>l;LN;`","1990-09-27","lose weight"
"170","coolrunner77","coolrunner77@island.io","k'PN)s$+KBA8","1992-08-08","lose weight"
"171","savvyskateboard82","savvyskateboard82@adventure.com","?YCKx20KT-+*","1965-08-03","strengthen"
"172","georgevietnam47","georgevietnam47@island.io","9fG$8v7$4qb7","2005-08-25","lose weight"
"173","epicjumper14","epicjumper14@island.io","agvz#rt7S[{+","1985-04-01","lose weight"
"174","quickthinker94","quickthinker94@island.io","u|Cb?#N[YX_s","2001-04-13","lose weight"
"175","savvygeorge25","savvygeorge25@island.io","@:hb@Im#b\#u","1987-02-26","bulk up"
"176","georgegeorge31","georgegeorge31@island.io","Th:@[v_>cSd]","1964-07-02","lose weight"
"177","mysticgecko87","mysticgecko87@island.io","qr3[.:<5xerU","1980-05-30","lose weight"
"178","vividrider5","vividrider5@island.io",">oDJHPx;z6%|","1985-07-03","lose weight"
"179","quickplayer47","quickplayer47@island.io","D3:f9dFgOr@v","1994-06-05","strengthen"
"18","epicvietnam23","epicvietnam23@explore.net","y}Z#`?-06/P;","1996-08-20","strengthen"
"180","quietpopcorn82","quietpopcorn82@island.io","f-$7s9DJu#.P","2008-09-01","bulk up"
"181","mysticskateboard61","mysticskateboard61@explore.net","X%TBCtG%\%aB","1963-06-29","bulk up"
"182","quietskateboard86","quietskateboard86@adventure.com","r06lzF:Z@D0:","1995-09-25","bulk up"
"183","quickrunner37","quickrunner37@island.io","S^5C~`!4Vd,9","1973-03-16","bulk up"
"184","epicjumper65","epicjumper65@explore.net","8uR(/{Km1cQg","2006-02-22","bulk up"
"185","mysticgeorge61","mysticgeorge61@adventure.com","U;libU\I6C+I","1984-11-04","lose weight"
"186","coolplayer47","coolplayer47@island.io","%=_:E`qUOdV?","1993-12-26","lose weight"
"187","savvygeorge87","savvygeorge87@island.io","M,qBG7K''s3%","1965-03-12","strengthen"
"188","mysticgecko10","mysticgecko10@explore.net","jBT%Bt{oq|A:","1968-05-26","bulk up"
"189","quickcreamer41","quickcreamer41@explore.net","YwM[95DXWw@>","1995-10-19","bulk up"
"19","epicgecko39","epicgecko39@adventure.com","2O(;}{NP3o\Q","1992-02-08","lose weight"
"190","prehistoricskateboard24","prehistoricskateboard24@island.io",")pt?E1m{IW\z","1964-02-15","strengthen"
"191","coolcreamer65","coolcreamer65@island.io","~@(tp/,5mRJW","1992-03-21","strengthen"
"192","quietskateboard74","quietskateboard74@explore.net",".4Rq""9*I+RzP""","1987-07-02","strengthen"
"193","mysticplayer22","mysticplayer22@explore.net","iTx_{/`8;s!m","1973-09-16","lose weight"
"194","wildvietnam9","wildvietnam9@island.io","0El%;vZ/]H6.","1962-05-06","lose weight"
"195","slimyplayer67","slimyplayer67@adventure.com","""qMt(>NOc%aC""","1987-08-18","lose weight"
"196","vividjumper57","vividjumper57@adventure.com","M@g<2NSH~|Vn","1980-12-26","strengthen"
"197","vividjumper80","vividjumper80@explore.net","ZUb/}..X0??!","1967-08-11","lose weight"
"198","slimyskateboard4","slimyskateboard4@adventure.com","uk2-Wjl^)-D,","1989-02-10","bulk up"
"199","wildcreamer35","wildcreamer35@explore.net","R/vR=BFm?*hq","1972-03-29","strengthen"
"2","prehistoricgecko63","prehistoricgecko63@adventure.com","GW?i,OJ9wnrS","2003-09-12","lose weight"
"20","savvyskateboard72","savvyskateboard72@adventure.com","-2vD6+i5lbf^","1998-09-14","strengthen"
"200","mysticvietnam92","mysticvietnam92@island.io","TH(HdrYGPt2h","1960-04-04","strengthen"
"201","epicgecko7","epicgecko7@explore.net","A,N{%OK=>viF","1978-08-02","lose weight"
"202","savvyrunner94","savvyrunner94@explore.net",":<@qf!NeThYg","1983-01-28","strengthen"
"203","coolpopcorn62","coolpopcorn62@adventure.com","mNdPx4H]I16.","1998-06-21","lose weight"
"204","mysticvietnam85","mysticvietnam85@adventure.com","(o|lw;K[HuC+","1965-08-26","strengthen"
"205","vividgecko30","vividgecko30@island.io",">dD$Sm>DI1#d","1984-06-21","strengthen"
"206","georgegecko3","georgegecko3@island.io",";-5i\kq1r0j;","1982-05-11","bulk up"
"207","quickrunner38","quickrunner38@adventure.com","yQk""}Fi`&&e)""","1984-03-06","bulk up"
"208","prehistoricrider98","prehistoricrider98@adventure.com","[:Xr|IC:7%""y""","1981-07-07","lose weight"
"209","slimycreamer90","slimycreamer90@island.io","GuYAKJ38HS?8","1993-11-02","bulk up"
"21","wildskateboard36","wildskateboard36@explore.net","Pz;vldMjx&%.","1989-08-25","lose weight"
"210","savvyrider34","savvyrider34@island.io","a}.gVH<p$471","1982-09-23","lose weight"
"211","quietgeorge30","quietgeorge30@explore.net","E7ol]D#[?+Ga","1973-04-01","lose weight"
"212","coolplayer96","coolplayer96@adventure.com","6KT?nqb;iU""a""","1960-01-11","lose weight"
"213","mysticcreamer89","mysticcreamer89@island.io","oeJhV$rY(u,3","1963-09-15","bulk up"
"214","epicjumper50","epicjumper50@adventure.com","X39B?\O,9ic;","1978-05-23","bulk up"
"215","coolgeorge50","coolgeorge50@island.io",";B0WSUUvG<Ay","2006-10-13","lose weight"
"216","mysticrunner34","mysticrunner34@island.io","a!wS%w6&N83a","1986-05-05","strengthen"
"217","wildgecko23","wildgecko23@explore.net","p3jrIs,Wr\)r","1973-09-04","strengthen"
"218","prehistoricpopcorn77","prehistoricpopcorn77@island.io","r\I`Qd_eT""d8""","1972-09-03","lose weight"
"219","slimygeorge24","slimygeorge24@adventure.com","]~@b,`89{.mK","1974-11-02","lose weight"
"22","georgeplayer83","georgeplayer83@explore.net","'p&#m8LeY;qa","2002-04-11","bulk up"
"220","vividvietnam91","vividvietnam91@explore.net","f|r^H,F_<!3c","1969-07-29","lose weight"
"221","georgegecko78","georgegecko78@adventure.com","Cdy2v!e-7cd}","1960-09-14","bulk up"
"222","wildrider45","wildrider45@explore.net",")u:)KvU|D)C(","1965-03-13","bulk up"
"223","mysticvietnam30","mysticvietnam30@explore.net","c#<ID'~j#ej6","1972-01-04","lose weight"
"224","georgevietnam39","georgevietnam39@island.io","QVHG=awA.IR$","1975-07-01","bulk up"
"225","slimyrunner51","slimyrunner51@island.io","x,}Ue`PNWh&D","1990-08-31","lose weight"
"226","vividthinker99","vividthinker99@explore.net","Jzh9/4g0}qGX","1979-10-08","strengthen"
"227","georgegeorge90","georgegeorge90@explore.net",";^m<VCeNX</h","1976-02-06","bulk up"
"228","quickjumper87","quickjumper87@explore.net","7J[b6IG2+[2""""","1983-03-28","strengthen"
"229","quietcreamer34","quietcreamer34@island.io","I~jIaL(-QSKv","1994-11-12","bulk up"
"23","wildjumper58","wildjumper58@island.io","5PNMzD{4GJoZ","1978-08-28","lose weight"
"230","quietskateboard61","quietskateboard61@explore.net","FbBb&qlZ""z98""","1996-06-13","strengthen"
"231","epicplayer22","epicplayer22@explore.net","#epLHW_*G1s^","1977-11-23","bulk up"
"232","slimyskateboard12","slimyskateboard12@island.io","qS4vE4p,Dii6","1995-02-12","bulk up"
"233","vividrider26","vividrider26@explore.net","$@eqq9^X#i@7","1985-09-23","bulk up"
"234","prehistoricskateboard43","prehistoricskateboard43@island.io","q(1ZkN.>xKo\","1987-04-21","bulk up"
"235","vividpopcorn9","vividpopcorn9@adventure.com","h4[Qlm_&i5D4","1986-05-07","bulk up"
"236","mysticpopcorn92","mysticpopcorn92@island.io","o%*M69^Ujx(x","1974-05-15","bulk up"
"237","prehistoricskateboard74","prehistoricskateboard74@adventure.com","]/mD?H5^kP-\","1992-03-31","strengthen"
"238","mysticrunner11","mysticrunner11@explore.net","x0Lv2^p&?""&X""","2008-06-11","bulk up"
"239","epiccreamer66","epiccreamer66@explore.net","f#$@j0YT`Jz%","1977-10-05","bulk up"
"24","georgeskateboard14","georgeskateboard14@adventure.com","Nf3dDB!d`(KT","1982-06-28","lose weight"
"240","savvygecko67","savvygecko67@explore.net","Faj)-:d%=lQu","1993-01-05","lose weight"
"241","vividjumper26","vividjumper26@adventure.com","y&B)A;X=xGJ=","1964-10-06","lose weight"
"242","savvygecko26","savvygecko26@island.io","XE#c#?rReQ{!","1974-04-24","lose weight"
"243","wildgeorge34","wildgeorge34@explore.net","""Jde&ilkg.a*""","1984-03-02","bulk up"
"244","georgegeorge61","georgegeorge61@island.io","NsbA0N40Y)`C","1974-02-06","bulk up"
"245","coolthinker40","coolthinker40@explore.net","I<4p)c1*N8?-","1992-08-22","bulk up"
"246","slimyrider41","slimyrider41@explore.net","1b}`,yPF/O*D","1977-09-01","bulk up"
"247","vividgeorge96","vividgeorge96@adventure.com","FUL1BxQ@PPOL","2004-11-06","lose weight"
"248","slimygecko52","slimygecko52@adventure.com","Cb*N-?HFb}5-","1963-08-12","bulk up"
"249","epicjumper8","epicjumper8@adventure.com","YEQi9oaz7ip[","1960-06-17","lose weight"
"25","georgeplayer61","georgeplayer61@island.io","r2CZ[lZfpG|U","1971-06-12","lose weight"
"250","georgeplayer23","georgeplayer23@island.io","!""U1%L]#|]9p""","1981-06-26","strengthen"
"251","slimygecko29","slimygecko29@explore.net","n|?[}a3WQ6>H","1984-09-12","strengthen"
"252","prehistoricgecko19","prehistoricgecko19@adventure.com","8CTx@HSI->%D","1977-03-14","lose weight"
"253","quietrunner76","quietrunner76@adventure.com","Kum{p;.k?]'l","1960-08-08","bulk up"
"254","epicpopcorn58","epicpopcorn58@island.io","{]5Zbc?gmk*v","1986-11-07","lose weight"
"255","wildvietnam38","wildvietnam38@adventure.com","/$Tg*qa8bmc*","2001-05-16","bulk up"
"256","quickjumper50","quickjumper50@explore.net","U36]y@jM>)e>","1999-04-09","strengthen"
"257","slimygeorge37","slimygeorge37@island.io","tpDR{@#0.=~^","1965-01-01","strengthen"
"258","savvyjumper21","savvyjumper21@explore.net","Oa')ql<FjobU","2000-02-22","bulk up"
"259","savvyjumper86","savvyjumper86@island.io","~qdUt06dQDXq","2000-03-13","lose weight"
"26","quietthinker38","quietthinker38@island.io","5Ga!g=|mv2\q","1966-11-26","lose weight"
"260","prehistoricgecko14","prehistoricgecko14@explore.net","hU>'__DT.3-w","1997-01-13","bulk up"
"261","quietgeorge83","quietgeorge83@island.io","X[dLmZWZ#L`a","1968-05-19","strengthen"
"262","georgeplayer9","georgeplayer9@adventure.com","Cz&WA;lYv]Q*","1975-01-16","bulk up"
"263","savvyjumper57","savvyjumper57@island.io","5_[Y{<k%R_[Y","1967-08-02","bulk up"
"264","quickvietnam81","quickvietnam81@adventure.com","}#Wf>\piLdx=","2007-04-03","lose weight"
"265","epicrider55","epicrider55@adventure.com","!K8!a/V"">""""U`""","1997-08-14","lose weight"
"266","quickrunner88","quickrunner88@adventure.com","g/3!f~5Xfb^D","1964-08-13","bulk up"
"267","prehistoricvietnam35","prehistoricvietnam35@island.io","hnB_xL""vpT~b""","1966-01-11","bulk up"
"268","slimycreamer30","slimycreamer30@island.io","Z`+?VsRUvSYR","2003-06-30","bulk up"
"269","epicgecko22","epicgecko22@adventure.com","YHI+#))c4wsu","1963-02-03","bulk up"
"27","cooljumper66","cooljumper66@explore.net","c&De8ygT%<7)","2008-04-18","lose weight"
"270","wildthinker50","wildthinker50@adventure.com","7(x!M'x*phxM","1973-10-28","bulk up"
"271","georgepopcorn71","georgepopcorn71@adventure.com","Ku88s+~3)r8f","1996-08-30","bulk up"
"272","epicgecko51","epicgecko51@island.io","MR%GeCUBr$4%","1976-11-02","bulk up"
"273","slimyrunner66","slimyrunner66@adventure.com","<(\1Oh3_G,:%","1986-11-21","bulk up"
"274","epicgecko89","epicgecko89@adventure.com","a%)CYr1MV|FW","2004-07-15","lose weight"
"275","wildrunner92","wildrunner92@island.io","|Wz';?(@DAi@","1990-11-23","lose weight"
"276","savvycreamer86","savvycreamer86@island.io","Nh]~;j+Xv(|l","1973-02-23","bulk up"
"277","mysticrider62","mysticrider62@explore.net","nXF'nyUYa{6t","1994-02-28","lose weight"
"278","savvyskateboard22","savvyskateboard22@island.io","b3:3NZx?jM_3","1980-11-15","strengthen"
"279","quickvietnam53","quickvietnam53@explore.net","jr2?&QJv|Nzq","1972-01-03","strengthen"
"28","mysticskateboard14","mysticskateboard14@explore.net","%8rzAuV$yz#v","1982-09-03","lose weight"
"280","vividcreamer74","vividcreamer74@island.io","<Sk'QZO#9'vF","1980-07-08","strengthen"
"281","prehistoricplayer85","prehistoricplayer85@island.io","-KcH6HQ!]Tc@","1983-03-06","bulk up"
"282","georgethinker43","georgethinker43@explore.net","wgD6_n538F0:","2000-11-04","bulk up"
"283","coolskateboard75","coolskateboard75@island.io","qxcKzW_C[J%<","1964-07-18","bulk up"
"284","coolpopcorn78","coolpopcorn78@adventure.com","\LT-Ns+C\Ri$","1976-10-01","lose weight"
"285","epicrider68","epicrider68@explore.net","C^tRk&FStqGo","1973-08-27","lose weight"
"286","vividgeorge92","vividgeorge92@explore.net","oG@0clR`T7+^","1998-03-20","strengthen"
"287","slimythinker35","slimythinker35@adventure.com","swZ5tnS8@]s$","1980-03-23","strengthen"
"288","quietjumper58","quietjumper58@explore.net","O!G\(""]|!p$Y""","1974-04-25","lose weight"
"289","quickjumper20","quickjumper20@island.io","i89X_'};l.6J","2000-05-31","bulk up"
"29","quietthinker69","quietthinker69@adventure.com","yY?[$1O2RqDP","1982-07-20","strengthen"
"290","slimyskateboard95","slimyskateboard95@island.io","VW=u'V{|56IZ","1991-10-23","strengthen"
"291","quickskateboard35","quickskateboard35@adventure.com","A+N`:q7%iwqv","1997-02-25","bulk up"
"292","mysticrider49","mysticrider49@explore.net","c1[pjCBYdpen","1987-01-08","strengthen"
"293","wildplayer62","wildplayer62@explore.net","w>Q@msN,>h2T","2006-03-12","bulk up"
"294","georgeplayer86","georgeplayer86@adventure.com","$EO3""_?E$'s}""","1971-10-21","bulk up"
"295","wildplayer49","wildplayer49@adventure.com","`@""{E5wkK`8R""","1962-02-24","strengthen"
"296","mysticvietnam80","mysticvietnam80@adventure.com","?Us{b<mzIQw_","1989-12-15","lose weight"
"297","vividcreamer50","vividcreamer50@island.io","wGw3|v+$IHC1","1976-08-07","lose weight"
"298","georgecreamer85","georgecreamer85@adventure.com","?/KR9**_'*/0","2007-06-03","bulk up"
"299","quickskateboard30","quickskateboard30@explore.net","\5@[xk};R/#f","1981-10-25","lose weight"
"3","vividgecko65","vividgecko65@island.io","*\T+qrm$_FoU","1997-09-06","strengthen"
"30","quickvietnam97","quickvietnam97@adventure.com","i,TAO6DDhbmh","1973-11-15","bulk up"
"300","quickskateboard91","quickskateboard91@adventure.com","xCUSHVXHqnH-","1964-06-18","lose weight"
"301","savvygeorge23","savvygeorge23@explore.net","{%Uo(@#'AuD@","2007-07-09","strengthen"
"302","quickthinker30","quickthinker30@adventure.com","0z+J@;=*.i?%","1997-08-02","strengthen"
"303","wildvietnam62","wildvietnam62@island.io","~|.$1i]X;iJD","1974-03-11","lose weight"
"304","prehistoricpopcorn10","prehistoricpopcorn10@adventure.com","tl6z=s>n*a-Z","1972-10-19","lose weight"
"305","mysticpopcorn55","mysticpopcorn55@explore.net","bYgecSZ+#O""m""","2001-12-03","bulk up"
"306","coolskateboard24","coolskateboard24@adventure.com","%@rIwH<R,4AU","1960-12-19","bulk up"
"307","savvyvietnam24","savvyvietnam24@explore.net","ywHHH^<jzFv~","1977-04-27","lose weight"
"308","mysticcreamer54","mysticcreamer54@island.io",";V92[0~L5)m1","2006-06-28","bulk up"
"309","mysticcreamer23","mysticcreamer23@island.io","!_UAofTwwwsM","1967-06-15","bulk up"
"31","georgeplayer12","georgeplayer12@explore.net","]jOc=bqc%EJZ","1984-10-19","lose weight"
"310","quickcreamer30","quickcreamer30@island.io","soqWh8nHn<SZ","2003-01-08","bulk up"
"311","mysticgecko93","mysticgecko93@adventure.com","q`j60d,Wz$BR","2000-11-17","lose weight"
"312","prehistoricjumper37","prehistoricjumper37@explore.net","^T3v+Oky|v0E","1961-07-09","lose weight"
"313","vividthinker94","vividthinker94@explore.net","s&UBVlL'Fl!B","1967-01-08","strengthen"
"314","coolgeorge93","coolgeorge93@explore.net","<rX+0iEb;KLK","1997-08-26","lose weight"
"315","prehistoricpopcorn80","prehistoricpopcorn80@adventure.com","h[tNF_[2.3JY","1964-01-09","strengthen"
"316","savvyvietnam2","savvyvietnam2@island.io","gdE?'*`o1i$;","1970-04-20","lose weight"
"317","mysticthinker15","mysticthinker15@explore.net","Y)zF@7:A9OlB","1974-11-16","lose weight"
"318","epicskateboard95","epicskateboard95@adventure.com","CgQ[V`V_0=yP","1968-01-10","lose weight"
"319","slimyjumper25","slimyjumper25@island.io","VD!DA+-s>g%""""","1965-11-01","bulk up"
"32","vividrunner9","vividrunner9@explore.net","vl""Vc{va~uUE""","2003-04-18","strengthen"
"320","slimygecko54","slimygecko54@adventure.com","UI-;yQ,[\IJO","1970-03-12","lose weight"
"321","coolrunner55","coolrunner55@adventure.com","|[aC""!\Bb7DY""","1968-02-16","lose weight"
"322","wildgeorge58","wildgeorge58@adventure.com","g]izkp,=?K.=","2000-08-14","lose weight"
"323","prehistoricpopcorn82","prehistoricpopcorn82@explore.net","QU)g3~Vj*2~m","1977-05-13","strengthen"
"324","quietrunner84","quietrunner84@island.io","\a""GhFOJO[^(""","1986-03-22","lose weight"
"325","wildvietnam12","wildvietnam12@adventure.com","Q>9)LvlzS3H8","1967-04-23","bulk up"
"326","quietgeorge12","quietgeorge12@explore.net",".+\[6B""3`b%n""","2008-03-11","lose weight"
"327","wildvietnam87","wildvietnam87@island.io","qfq!LT*lXw^5","1972-02-03","bulk up"
"328","prehistoricplayer40","prehistoricplayer40@island.io","7j~4@59|[ufa","1969-06-28","lose weight"
"329","epicrider60","epicrider60@explore.net",">k}<l<cPocCw","1998-01-16","lose weight"
"33","epicgecko21","epicgecko21@explore.net","ZIQ*(x@>3EL7","1963-05-18","lose weight"
"330","slimyskateboard50","slimyskateboard50@adventure.com","^K^4,%}aAjO_","1979-02-22","lose weight"
"331","savvypopcorn90","savvypopcorn90@explore.net","*DCdEVgf4>18","1978-01-18","bulk up"
"332","prehistoricpopcorn6","prehistoricpopcorn6@island.io","I:IY4UNX/#F'","1994-02-15","strengthen"
"333","georgeplayer32","georgeplayer32@explore.net","^j!iz:&0W$_>","1960-09-01","strengthen"
"334","slimycreamer70","slimycreamer70@adventure.com","O^Lm[RyMVu|l","2002-06-23","strengthen"
"335","georgerider33","georgerider33@island.io","QMIXqP+HlJxx","1981-04-14","strengthen"
"336","prehistoricrider73","prehistoricrider73@explore.net","o/?}bBbu4VHp","1979-02-16","lose weight"
"337","savvyjumper16","savvyjumper16@island.io","&~8""h|TPs\w]""","1969-09-11","strengthen"
"338","slimyrunner41","slimyrunner41@adventure.com","ZK~?>-4xKrn~","1989-09-14","bulk up"
"339","savvycreamer63","savvycreamer63@adventure.com","Yr>7hWHfBaU0","1972-10-17","strengthen"
"34","quickskateboard24","quickskateboard24@adventure.com",">5ai>0A2C6O{","1998-02-21","lose weight"
"340","savvyvietnam27","savvyvietnam27@adventure.com","{W[YX;`HfpBQ","1976-12-29","bulk up"
"341","savvygeorge69","savvygeorge69@island.io","S`s_d/G]J3zO","1998-10-21","bulk up"
"342","vividgecko25","vividgecko25@island.io","~[iR.c4IN4cb","1990-09-02","lose weight"
"343","prehistoricrider56","prehistoricrider56@explore.net","=D`C;>:N^~:x","1966-02-09","lose weight"
"344","mysticthinker33","mysticthinker33@explore.net","*Mu""Z{R$z6)v""","1995-10-13","bulk up"
"345","quietrider10","quietrider10@island.io","VTHo^>e]*78_","2005-02-21","bulk up"
"346","slimyrunner16","slimyrunner16@explore.net","5l-DBRe{8""o!""","1973-11-11","bulk up"
"347","savvycreamer74","savvycreamer74@explore.net","Uo2G6L~1H4Q>","2003-01-10","strengthen"
"348","georgegecko76","georgegecko76@explore.net","aMn\b.#""q6d4""","1970-08-31","lose weight"
"349","vividpopcorn52","vividpopcorn52@adventure.com","5v^hxl=B*I=B","1995-12-26","lose weight"
"35","epicrider19","epicrider19@island.io","V3Ak,C`+n'a_","1967-05-02","bulk up"
"350","wildplayer5","wildplayer5@island.io","w'\[""/;H<)FD""","1985-05-28","strengthen"
"351","epicjumper18","epicjumper18@island.io","""xnR58]0)pvr""","1973-11-28","bulk up"
"352","slimycreamer52","slimycreamer52@adventure.com",">jGH%xvdm(b5","1978-10-16","strengthen"
"353","quickskateboard29","quickskateboard29@explore.net","Y#FYoFiJ7eY|","1996-10-03","strengthen"
"354","georgeskateboard3","georgeskateboard3@explore.net","_S5rY69lY&(m","1974-05-12","lose weight"
"355","savvythinker70","savvythinker70@adventure.com","G^PK""zPOb2ew""","1984-06-30","bulk up"
"356","epiccreamer9","epiccreamer9@island.io","OVG19Q?ZCYs.","1992-12-23","bulk up"
"357","quietcreamer20","quietcreamer20@island.io","'7d7*'Qj'H:k","1988-08-29","bulk up"
"358","georgerider26","georgerider26@explore.net","TZ}8uvGP4ufd","1985-08-07","bulk up"
"359","quickvietnam56","quickvietnam56@explore.net","""dy^""""iuhqDR`""","1974-08-14","strengthen"
"36","quickgeorge57","quickgeorge57@island.io","<%Sw'jMo+{/M","2005-11-24","bulk up"
"360","epicgecko83","epicgecko83@adventure.com","xnK}%z6`9M=a","2008-08-24","bulk up"
"361","coolrunner91","coolrunner91@island.io","uET2'HCztV_;","1981-01-19","strengthen"
"362","savvyplayer49","savvyplayer49@explore.net","V^5$@/~hv<CI","2006-06-21","bulk up"
"363","slimyplayer76","slimyplayer76@adventure.com","&*H,OmR?%VX,","1990-04-24","bulk up"
"364","vividpopcorn33","vividpopcorn33@adventure.com","D.p)f#~BU:B%","1965-02-23","lose weight"
"365","quickgecko96","quickgecko96@island.io","o|$7!ZVvd""c`""","1989-03-27","lose weight"
"366","mysticrunner23","mysticrunner23@explore.net","(@8#)]kZ7YW|","1979-08-01","strengthen"
"367","georgepopcorn82","georgepopcorn82@adventure.com","&2Gzw;wF:;n3","2007-07-22","bulk up"
"368","savvypopcorn62","savvypopcorn62@island.io","m^N5~SH=0g#H","1982-06-03","lose weight"
"369","slimycreamer18","slimycreamer18@island.io","#D/P\iq{PMnf","1981-04-07","strengthen"
"37","slimygeorge47","slimygeorge47@adventure.com",">`=NP9Z(l8L6","1974-09-04","lose weight"
"370","mysticjumper37","mysticjumper37@explore.net","?WFm:A#]fh%C","1997-04-02","bulk up"
"371","wildgeorge18","wildgeorge18@explore.net","'Ll&if}nq|""9""","2005-01-14","lose weight"
"372","georgeplayer13","georgeplayer13@adventure.com","f""v)=VS0l3wM""","1979-08-26","lose weight"
"373","epicgeorge49","epicgeorge49@explore.net","|="".!_Xtc:5E""","1961-02-06","lose weight"
"374","epicplayer10","epicplayer10@explore.net","T2p{R[>%etXn","1971-11-05","bulk up"
"375","prehistoricrider74","prehistoricrider74@adventure.com","Jt~l2G=I,]F|","2004-08-23","strengthen"
"376","wildpopcorn98","wildpopcorn98@island.io","P=%t[g/c6ng~","2004-05-10","bulk up"
"377","georgerunner17","georgerunner17@explore.net","""Ea^\$h2=TsG""","1964-04-12","bulk up"
"378","georgegeorge46","georgegeorge46@explore.net","RNe#Q0Jy9}o#","1992-09-26","bulk up"
"379","coolthinker71","coolthinker71@explore.net","~#n$f$K-!SSX","1974-09-10","bulk up"
"38","vividthinker22","vividthinker22@island.io","8m,F*)E@EjqH","1960-01-19","bulk up"
"380","slimygeorge51","slimygeorge51@adventure.com","uz=l-1].(F!q","1996-12-01","lose weight"
"381","slimypopcorn64","slimypopcorn64@explore.net","pCuR5[SlY0K.","1962-08-05","lose weight"
"382","georgeskateboard97","georgeskateboard97@island.io","5T=>RseAA^\2","1989-05-18","lose weight"
"383","slimyjumper3","slimyjumper3@island.io","{^E;xjop.EF#","1983-01-19","bulk up"
"384","vividrider12","vividrider12@adventure.com","^skwll+;P%kT","2005-04-11","strengthen"
"385","vividpopcorn82","vividpopcorn82@adventure.com","X@z]ry:n[5X]","1999-05-27","lose weight"
"386","slimythinker75","slimythinker75@explore.net","PTX6Vv*FZr;1","1995-01-06","bulk up"
"387","georgegecko9","georgegecko9@adventure.com","NL_ui_+envhZ","1967-05-03","lose weight"
"388","georgerider10","georgerider10@adventure.com","1$mKlImeh1],","1963-05-14","bulk up"
"389","coolrider39","coolrider39@explore.net","iXglWNTdN?O&","1986-03-24","bulk up"
"39","wildthinker58","wildthinker58@island.io","QrW4J5~E@(vv","1964-01-13","lose weight"
"390","savvycreamer24","savvycreamer24@explore.net","_st_ups+qVX4","1973-12-08","strengthen"
"391","slimythinker68","slimythinker68@adventure.com","/`4/Kq&o+v\e","1974-01-20","lose weight"
"392","wildcreamer34","wildcreamer34@island.io","c%{.K9#0*ZT&","1991-08-26","strengthen"
"393","savvyrunner8","savvyrunner8@island.io","Hew#x)%\abfM","1965-04-21","lose weight"
"394","wildthinker29","wildthinker29@island.io","Pi-;SqJ)/<Y9","2002-04-13","bulk up"
"395","savvygeorge99","savvygeorge99@island.io","\3[,d7!jUa~p","1983-11-19","strengthen"
"396","mysticgeorge2","mysticgeorge2@adventure.com","`?5L,{kCg$V4","1993-12-18","strengthen"
"397","savvyjumper15","savvyjumper15@island.io","G/Qvqu.ytW_>","1980-04-25","lose weight"
"398","savvyrider13","savvyrider13@explore.net","HY69:n&myCNZ","1960-10-28","lose weight"
"399","mysticjumper18","mysticjumper18@explore.net","KPNz}a34t^YF","1973-01-07","bulk up"
"4","mysticgeorge64","mysticgeorge64@adventure.com","@$hAFRx')5/;","2001-07-25","strengthen"
"40","prehistoricplayer83","prehistoricplayer83@adventure.com","NbQSNP&p""y7o""","1969-11-17","bulk up"
"400","savvyskateboard67","savvyskateboard67@explore.net","S]N.&0SUDmF1","1964-01-21","strengthen"
"401","slimyskateboard94","slimyskateboard94@island.io","%dq((9J_+g1r","1992-10-10","bulk up"
"402","prehistoricrider83","prehistoricrider83@explore.net","y!`G7Vu<F&Yw","1983-07-11","lose weight"
"403","epicskateboard62","epicskateboard62@explore.net","(V``NK)!iA$_","1963-12-13","bulk up"
"404","georgerunner70","georgerunner70@adventure.com","J_NbO~*^X%]G","1996-03-20","bulk up"
"405","georgegecko11","georgegecko11@island.io","]CbTGAhv6gvF","1973-07-06","lose weight"
"406","savvyjumper50","savvyjumper50@adventure.com","7)].1yg|7lc1","1965-11-28","strengthen"
"407","georgejumper25","georgejumper25@explore.net","z>00}H407ra!","1987-09-18","strengthen"
"408","epicthinker93","epicthinker93@adventure.com","L/m5""BI>:G\*""","2006-09-29","bulk up"
"409","quickplayer98","quickplayer98@explore.net","hDGkmSlVN]Ge","1993-07-26","strengthen"
"41","quietrunner5","quietrunner5@island.io","g=bT5.$'%UA#","1969-02-05","lose weight"
"410","slimycreamer72","slimycreamer72@explore.net","C7ecgtknc7mu","1989-08-22","lose weight"
"411","georgeplayer73","georgeplayer73@adventure.com","IiW08FyExliw","1976-01-01","strengthen"
"412","wildthinker75","wildthinker75@explore.net","K!}eyHRWbei.","1973-07-04","bulk up"
"413","quietthinker82","quietthinker82@adventure.com","z{JF0x,SEI|Z","1976-05-31","strengthen"
"414","georgepopcorn23","georgepopcorn23@explore.net","&-%>6ZA)4.cv","1974-11-03","lose weight"
"415","coolrider94","coolrider94@adventure.com","Ke8X-8r!@Gw<","1966-05-08","bulk up"
"416","epicgeorge99","epicgeorge99@explore.net","5a<C+)C.J@F:","1992-03-10","bulk up"
"417","epicvietnam55","epicvietnam55@explore.net","JE#(1=P=WM)B","2006-06-06","strengthen"
"418","prehistoricrunner93","prehistoricrunner93@explore.net","i87<oBt<n]5A","1978-04-24","lose weight"
"419","epicgeorge24","epicgeorge24@explore.net","~t|-aM4DmK+T","1989-09-12","lose weight"
"42","quietcreamer86","quietcreamer86@adventure.com","J.FqcQ|OSpdB","1964-01-18","lose weight"
"420","wildgeorge84","wildgeorge84@adventure.com","Rwx&60a3t`r#","2001-06-02","bulk up"
"421","georgegecko1","georgegecko1@island.io","[AvP>Yd/p\Sb","1987-11-02","strengthen"
"422","coolrunner63","coolrunner63@adventure.com","W{aSwL-U\T_R","1981-08-05","lose weight"
"423","georgerider87","georgerider87@adventure.com","^^|]3weF0<1o","1991-06-07","strengthen"
"424","savvycreamer67","savvycreamer67@explore.net","IVxeRM{#h&}@","1988-02-26","bulk up"
"425","georgerunner97","georgerunner97@island.io","9,'t$`.r!zR)","2004-02-08","lose weight"
"426","quietgeorge79","quietgeorge79@island.io","-;ys-`hsBr\C","1960-09-27","strengthen"
"427","quickskateboard88","quickskateboard88@adventure.com","WiOe]zRKE#U2","1977-04-08","strengthen"
"428","wildpopcorn8","wildpopcorn8@island.io","0Z7ugn0!W}9u","1987-06-11","lose weight"
"429","prehistoricrunner83","prehistoricrunner83@explore.net","^hoX,955Q+:x","1972-02-13","bulk up"
"43","coolrunner52","coolrunner52@adventure.com","hZ~rpcA8$Go\","2004-02-02","lose weight"
"430","epicplayer18","epicplayer18@explore.net","/uaeVC?g^<N'","1996-02-03","bulk up"
"431","quietpopcorn26","quietpopcorn26@adventure.com","6scbP,}>SDpH","1975-04-10","bulk up"
"432","quietjumper26","quietjumper26@explore.net","T8_""","qLRJk%z""","1975-12-06"
"433","georgevietnam82","georgevietnam82@explore.net","6hYoWK7KYb~F","1967-05-04","strengthen"
"434","epicskateboard31","epicskateboard31@adventure.com","r=hSV^;W]a{^","1987-02-10","strengthen"
"435","quickgeorge87","quickgeorge87@explore.net",")t9wY#9M(R]{","1989-06-12","strengthen"
"436","quickpopcorn43","quickpopcorn43@island.io","u?r#T,ZV<wpP","1991-12-14","bulk up"
"437","coolrider85","coolrider85@island.io","CJCoiv.9KVXG","2004-11-05","bulk up"
"438","cooljumper21","cooljumper21@explore.net","!hz&1]E,9QdT","1991-09-14","bulk up"
"439","georgethinker76","georgethinker76@explore.net","=L$pE0~dn'tv","1988-06-15","bulk up"
"44","vividrider53","vividrider53@adventure.com","E""MOrT:].R""""F""","1962-03-17","lose weight"
"440","georgepopcorn31","georgepopcorn31@island.io","wxJ}M]uc.puZ","2003-12-04","bulk up"
"441","mysticgecko91","mysticgecko91@adventure.com","g""U.nT[>>}MN""","1961-07-03","lose weight"
"442","wildthinker86","wildthinker86@island.io","[E7{]tFFA.'K","1987-10-21","strengthen"
"443","mysticvietnam24","mysticvietnam24@island.io","&N!K$vI8KDFt","2005-03-27","lose weight"
"444","epiccreamer74","epiccreamer74@adventure.com","h;x)muZ~'}NU","1976-08-24","bulk up"
"445","georgegeorge33","georgegeorge33@island.io","eXw~gSHG)m6I","1988-09-02","strengthen"
"446","quietskateboard30","quietskateboard30@explore.net","l,N*,;JM\kV#","1993-03-27","strengthen"
"447","quickcreamer91","quickcreamer91@explore.net","e}rdHR#>L:9h","1963-11-27","bulk up"
"448","georgevietnam91","georgevietnam91@explore.net","$eOq*)rI,t&""""","1997-12-02","strengthen"
"449","slimycreamer42","slimycreamer42@explore.net","(l>}}+ts1i{b","1966-06-13","lose weight"
"45","wildrider29","wildrider29@island.io","_H""U\IO+zuwC""","2001-12-07","lose weight"
"450","epicrunner49","epicrunner49@island.io","<'W;@r@Coykx","1993-12-21","lose weight"
"451","savvythinker59","savvythinker59@explore.net","XZl$q9?N^npA","1993-04-10","bulk up"
"452","vividplayer21","vividplayer21@island.io","r54;<Gcsw<W=","1987-12-26","bulk up"
"453","epicplayer16","epicplayer16@island.io","gWkz&M|+q\""n""","1966-09-10","strengthen"
"454","vividplayer35","vividplayer35@island.io","7]:""4TujA{T9""","1987-03-28","bulk up"
"455","georgeskateboard30","georgeskateboard30@adventure.com","zG00},Q:$k""2""","1963-12-19","bulk up"
"456","quickrider19","quickrider19@island.io","'HGWvEg!-r&b","1980-12-06","lose weight"
"457","quickthinker18","quickthinker18@adventure.com",";,`[X;g2*z!}","1973-07-04","bulk up"
"458","slimycreamer2","slimycreamer2@explore.net","@*veOJ)VZW=z","1989-12-16","bulk up"
"459","wildvietnam52","wildvietnam52@explore.net","p)CsKU|]XNAM","1969-03-13","lose weight"
"46","wildskateboard52","wildskateboard52@adventure.com","$r\My:4&OC)s","1964-03-18","strengthen"
"460","epicvietnam49","epicvietnam49@explore.net",")-4`BZ-?^ucn","2005-04-05","strengthen"
"461","prehistoricrider41","prehistoricrider41@adventure.com","ns7yx.qtkL!2","1992-01-21","strengthen"
"462","quietrunner64","quietrunner64@island.io","D#^Wj6skatR9","1983-12-17","strengthen"
"463","coolcreamer46","coolcreamer46@island.io","jp`V`3iXS5BR","1966-06-03","bulk up"
"464","slimyrunner75","slimyrunner75@explore.net","P,;Vw:+[]ci_","2007-12-31","lose weight"
"465","savvygeorge98","savvygeorge98@island.io","1-,u/*""gj}3b""","1988-12-10","strengthen"
"466","quietpopcorn81","quietpopcorn81@island.io",";.BG4IW?rRwK","1980-07-01","lose weight"
"467","wildgecko47","wildgecko47@explore.net","NtSMdl}CgVA1","1985-11-04","lose weight"
"468","mysticskateboard95","mysticskateboard95@island.io","7#G.wxT(n^-P","2004-11-23","strengthen"
"469","coolskateboard41","coolskateboard41@island.io","F?lG/wC/dHBo","2003-06-15","lose weight"
"47","slimyplayer9","slimyplayer9@adventure.com","*""Frfp!wSjOk""","1981-08-16","lose weight"
"470","quietgecko3","quietgecko3@explore.net","CHP>>Ql;E;;R","2004-06-20","strengthen"
"471","coolskateboard14","coolskateboard14@explore.net","/Z)(kh|Nxljm","1985-02-07","lose weight"
"472","wildgecko34","wildgecko34@adventure.com","CK9*lKE3-%N$","1961-06-08","lose weight"
"473","georgeskateboard64","georgeskateboard64@adventure.com","V[0vcRV<Q'$i","2000-09-29","strengthen"
"474","wildcreamer23","wildcreamer23@explore.net","7IWwm2!/6vU""""","2008-04-05","bulk up"
"475","epiccreamer42","epiccreamer42@adventure.com",",""jVIn[Npy)M""","1968-09-02","lose weight"
"476","savvyrider8","savvyrider8@explore.net","7}-0FAyt3P)]","2005-01-08","bulk up"
"477","mysticjumper61","mysticjumper61@island.io",".>l1(/9u,G-a","1984-12-17","bulk up"
"478","wildthinker93","wildthinker93@island.io","fs|YT!R$Ojg\","1989-10-16","lose weight"
"479","mysticjumper75","mysticjumper75@island.io","?cL'abSw?D9@","2002-09-01","bulk up"
"48","vividpopcorn11","vividpopcorn11@adventure.com","i72LfP=w4Up2","2001-05-16","lose weight"
"480","epicthinker76","epicthinker76@adventure.com","c;,)EB{AMD,@","1990-07-02","lose weight"
"481","wildthinker61","wildthinker61@explore.net","EGSv/&;y!c'I","1975-02-03","lose weight"
"482","coolskateboard74","coolskateboard74@adventure.com","#=(QsCI-KGOb","1999-01-16","lose weight"
"483","savvycreamer53","savvycreamer53@island.io","^gvIb#xaB,Oy","1960-04-09","bulk up"
"484","quietplayer6","quietplayer6@adventure.com","x1pK?sP}`!MM","1982-11-30","bulk up"
"485","georgeplayer42","georgeplayer42@island.io","?3q|?lzpl/1j","1985-03-11","bulk up"
"486","georgeskateboard93","georgeskateboard93@adventure.com","CT`(4^)>f-!s","1985-01-05","bulk up"
"487","epicplayer9","epicplayer9@adventure.com","2jTNSXp@Z~^0","2006-03-22","strengthen"
"488","epicrunner33","epicrunner33@adventure.com","5P^]1gL~}84:","1961-01-24","bulk up"
"489","savvyjumper56","savvyjumper56@adventure.com","lWlyzCE2:_Z&","2006-05-17","lose weight"
"49","georgecreamer25","georgecreamer25@adventure.com","'~7A}Y9KxLeq","1995-01-16","lose weight"
"490","mysticjumper7","mysticjumper7@explore.net","NL[I)++cN`T[","1991-07-06","strengthen"
"491","savvyrider32","savvyrider32@island.io","#)WCbNEyP1-|","1989-08-14","bulk up"
"492","wildrunner91","wildrunner91@adventure.com","S.'Bp<frl{Y8","2007-04-10","bulk up"
"493","wildvietnam1","wildvietnam1@adventure.com","M7qZ<eN_0JsE","1968-12-31","strengthen"
"494","savvygeorge49","savvygeorge49@explore.net","Ia6.Y-u`_MX_","1991-10-05","strengthen"
"495","savvyrider76","savvyrider76@adventure.com","n(+@|P2'8>8k","2003-06-21","lose weight"
"496","cooljumper98","cooljumper98@island.io","t\h7V3#S4eJ\","1970-07-13","bulk up"
"497","quickrunner90","quickrunner90@island.io","6X(Ha45#7&\1","2004-10-04","strengthen"
"498","georgevietnam83","georgevietnam83@explore.net","?bwPyZ|*8w_P","1970-03-07","bulk up"
"499","georgegecko60","georgegecko60@explore.net","fbubY~VX7:j-","2002-01-23","bulk up"
"5","georgeskateboard79","georgeskateboard79@island.io","`FA0@Kd/.$L5","2006-03-30","bulk up"
"50","quickgecko29","quickgecko29@island.io","9-&3$b$?vZfz","1982-09-02","bulk up"
"500","epicthinker6","epicthinker6@adventure.com",":-t[Va7[nb_""""","1978-10-13","bulk up"
"501","slimyjumper98","slimyjumper98@island.io","gwfWxA@zc`&!","1977-08-23","strengthen"
"502","epicgeorge77","epicgeorge77@island.io","c.vh|#?VCR;Y","1964-11-13","strengthen"
"503","coolgeorge51","coolgeorge51@adventure.com","O2""^z]J\@c","`""","1969-12-02"
"504","slimythinker29","slimythinker29@island.io","nIw!@!DqM@sR","1986-06-06","lose weight"
"505","georgecreamer39","georgecreamer39@adventure.com","p(B.|{3=9m9,","1987-03-26","strengthen"
"506","mysticskateboard11","mysticskateboard11@adventure.com","kQ6Y@<!7kxfe","1967-05-25","lose weight"
"507","quietrunner32","quietrunner32@adventure.com","Cj:%X@E2_ENc","2004-04-17","lose weight"
"508","quickgecko77","quickgecko77@adventure.com","!GCq""z]HX%:#""","1994-03-24","lose weight"
"509","wildgecko7","wildgecko7@adventure.com","k#PxU<t3JZI}","1963-05-20","lose weight"
"51","quietthinker43","quietthinker43@adventure.com","""l^#fV]{v>DW""","1990-05-17","strengthen"
"510","mysticcreamer73","mysticcreamer73@explore.net","E}_jScrW`6|^","1994-04-09","strengthen"
"511","coolgeorge70","coolgeorge70@island.io","KV3yf1KoFV)6","2000-07-22","strengthen"
"512","slimyrunner44","slimyrunner44@adventure.com","@5`gQ'j:l{HJ","1983-08-25","bulk up"
"513","epicskateboard32","epicskateboard32@adventure.com","&z+_StwP5GJ{","1991-07-11","strengthen"
"514","georgeskateboard33","georgeskateboard33@adventure.com",",B0b\^N6hY!>","1968-05-16","strengthen"
"515","slimypopcorn34","slimypopcorn34@adventure.com","kb@PAAE4ZjxX","1973-04-24","lose weight"
"516","mysticjumper9","mysticjumper9@adventure.com","=#^OV@89jd+^","1993-09-03","lose weight"
"517","coolthinker42","coolthinker42@explore.net","F!v39i5*yY)F","1974-02-21","strengthen"
"518","cooljumper78","cooljumper78@adventure.com","rT~CAFL'xPR%","1975-08-06","lose weight"
"519","savvyplayer11","savvyplayer11@island.io","?@#xz}~Y_K3y","2001-08-26","bulk up"
"52","georgeplayer71","georgeplayer71@adventure.com","zdRy+K~n&;A1","1996-04-09","lose weight"
"520","coolrider80","coolrider80@explore.net","|~L}Xg.kuV%K","1982-10-27","strengthen"
"521","quickpopcorn9","quickpopcorn9@island.io","*C\kM+W$SXa2","1995-08-04","lose weight"
"522","georgejumper46","georgejumper46@island.io","3GI;{_SNyY-Z","2004-12-09","lose weight"
"523","savvyvietnam65","savvyvietnam65@explore.net","Gy':k=HnZ6Z#","1964-12-28","strengthen"
"524","prehistoricgeorge58","prehistoricgeorge58@island.io","'e~cF~!,WJ0]","2000-12-29","strengthen"
"525","prehistoricrider87","prehistoricrider87@island.io","na8#nAJITchg","1968-07-09","bulk up"
"526","quietvietnam98","quietvietnam98@island.io","=dD!$?!SOghb","1974-02-10","bulk up"
"527","epicjumper59","epicjumper59@explore.net","W8<=o^'f[|H]","2001-11-19","bulk up"
"528","vividcreamer82","vividcreamer82@island.io","Gqwi1J2WKy{5","1980-05-25","bulk up"
"529","coolgeorge23","coolgeorge23@explore.net","LCYl$\zG5v)L","1985-11-28","bulk up"
"53","quickthinker20","quickthinker20@adventure.com","UNgb$/!w?lyS","1976-01-21","bulk up"
"530","quietthinker18","quietthinker18@explore.net","gM_#Y0Nl3E>=","2001-09-29","lose weight"
"531","quickplayer53","quickplayer53@adventure.com","-}xCA9/{H(_8","1971-04-26","bulk up"
"532","savvyplayer14","savvyplayer14@explore.net","0zdU:Qq{vP<O","1987-05-21","strengthen"
"533","savvypopcorn54","savvypopcorn54@explore.net","|s59|8Vk')G0","1971-03-02","lose weight"
"534","coolskateboard54","coolskateboard54@explore.net","~+v)be\Px~Yo","1993-06-21","strengthen"
"535","mysticcreamer28","mysticcreamer28@adventure.com","'k=fNjYr[F)Y","2004-02-29","lose weight"
"536","georgerider67","georgerider67@island.io","!5c=;?sw_+Vs","2000-10-21","strengthen"
"537","quickjumper72","quickjumper72@island.io","n%_5_w^]O(-=","2005-03-13","bulk up"
"538","prehistoricvietnam4","prehistoricvietnam4@adventure.com","-_wd:%l8c8-%","1962-10-28","lose weight"
"539","slimyrider11","slimyrider11@island.io","3Iq%4Gco[mFi","1999-12-23","bulk up"
"54","georgepopcorn90","georgepopcorn90@adventure.com","S8FW>+4HN6:w","2007-04-09","lose weight"
"540","savvyjumper82","savvyjumper82@adventure.com","VymrU5nsFRgO","1967-06-12","strengthen"
"541","quickplayer26","quickplayer26@island.io","hpD""9xwY","DM;""","1985-12-01"
"542","prehistoricpopcorn29","prehistoricpopcorn29@adventure.com","a7CSuT(@q*fB","1961-10-24","bulk up"
"543","vividplayer69","vividplayer69@adventure.com","M[E[6<S~XM}y","1988-06-14","bulk up"
"544","epicthinker91","epicthinker91@explore.net","""'Rc{11LW<Nw""","1997-06-19","lose weight"
"545","slimyjumper94","slimyjumper94@adventure.com","uV8AZIM]?tQk","1976-08-21","strengthen"
"546","savvycreamer70","savvycreamer70@explore.net","yVO9b(5_;2o{","2000-10-31","bulk up"
"547","quickvietnam3","quickvietnam3@island.io",".5=0a;QTF""1^""","1982-12-11","lose weight"
"548","epicrider52","epicrider52@island.io","Fx>sKGV<3Q5@","2000-09-29","bulk up"
"549","vividcreamer3","vividcreamer3@explore.net","6]""P?a^XVJo?""","2004-01-18","strengthen"
"55","wildthinker36","wildthinker36@explore.net","Aa.q09Y>tYi1","1995-04-03","bulk up"
"550","quickrider61","quickrider61@island.io","Py\P+AK].xud","1981-01-26","lose weight"
"551","wildrunner54","wildrunner54@explore.net","E$q89-lu]'EC","1993-08-11","strengthen"
"552","wildplayer38","wildplayer38@adventure.com","c:U1X*uq4}n.","1984-11-21","strengthen"
"553","slimyjumper99","slimyjumper99@adventure.com","onn$+>$&Is5+","1975-06-08","strengthen"
"554","quickskateboard54","quickskateboard54@explore.net","&$P_B;7!+]~J","1961-04-23","bulk up"
"555","quietjumper84","quietjumper84@island.io","h<mjGki;]``!","1992-06-29","strengthen"
"556","epiccreamer24","epiccreamer24@adventure.com","Pek![(#^-IXs","1967-09-25","strengthen"
"557","prehistoricgecko9","prehistoricgecko9@island.io","E1%(3ks!;cr,","1983-06-23","bulk up"
"558","quickpopcorn90","quickpopcorn90@adventure.com","OSQrj$$oP{{X","1981-07-05","lose weight"
"559","savvythinker83","savvythinker83@island.io","im73pfJnX$[.","2008-08-10","strengthen"
"56","quickvietnam75","quickvietnam75@adventure.com",";QLXd2.M|)Q$","1978-11-04","strengthen"
"560","vividrunner25","vividrunner25@adventure.com","%&q,]RsLSe%!","1960-04-17","bulk up"
"561","vividgecko90","vividgecko90@adventure.com","0CtPwn~;dfS1","1978-07-24","bulk up"
"562","slimygecko46","slimygecko46@explore.net","0Z4E0,fJwkdD","1996-09-02","lose weight"
"563","slimyskateboard3","slimyskateboard3@island.io","=gB*=N`OM5}&","2008-05-30","lose weight"
"564","slimyvietnam42","slimyvietnam42@adventure.com","Vb%k:YA\As1W","1971-07-11","bulk up"
"565","georgeplayer62","georgeplayer62@explore.net","fNfAaHOT1@FD","1986-01-22","bulk up"
"566","quietrunner85","quietrunner85@island.io","1O1FUWSaIi(K","2003-08-05","strengthen"
"567","savvyjumper61","savvyjumper61@island.io","o`R0D)U*q6Hh","1975-05-15","strengthen"
"568","prehistoricrider84","prehistoricrider84@explore.net","@</wh^(RNf=@","1977-11-27","bulk up"
"569","vividgecko98","vividgecko98@explore.net",">r""*%_{?c>8y""","1963-10-19","bulk up"
"57","slimyrunner27","slimyrunner27@explore.net","@9FU)46c'$J~","1998-07-20","strengthen"
"570","savvyvietnam76","savvyvietnam76@adventure.com",".Zf?8JVO_\;X","1977-02-23","strengthen"
"571","quickgecko94","quickgecko94@island.io","';?7'IB.d!F|","1996-10-16","bulk up"
"572","wildskateboard49","wildskateboard49@explore.net","w1OKN%%&};dP","1967-02-09","lose weight"
"573","coolgecko85","coolgecko85@adventure.com","84jP3T\eJV~3","1988-10-22","bulk up"
"574","vividvietnam63","vividvietnam63@explore.net","dp&_\k%Ch5Kj","1986-10-12","lose weight"
"575","georgeskateboard42","georgeskateboard42@adventure.com","t+^e6paBs^(k","1978-01-08","bulk up"
"576","quietskateboard82","quietskateboard82@adventure.com","g""vw-k?NRsv@""","2001-09-26","bulk up"
"577","mysticvietnam57","mysticvietnam57@island.io",";fd8E[Dx0%p-","1984-07-16","lose weight"
"578","quietrunner88","quietrunner88@adventure.com","=(t-(~8""wq:m""","2006-12-28","bulk up"
"579","slimypopcorn23","slimypopcorn23@island.io","4LE3*vnmipK~","1977-10-04","lose weight"
"58","coolplayer3","coolplayer3@explore.net","K^(=}5p=kJ_{","1962-10-04","strengthen"
"580","georgethinker59","georgethinker59@adventure.com","?CK)C@SF'2WA","1972-12-13","bulk up"
"581","quietgeorge62","quietgeorge62@adventure.com","kvJc8MW5E'N|","1972-12-20","bulk up"
"582","prehistoricpopcorn96","prehistoricpopcorn96@adventure.com","WJvxEC*k3le|","1974-10-17","bulk up"
"583","quietskateboard96","quietskateboard96@adventure.com","Xdrs7LYX7\4b","1963-01-28","bulk up"
"584","mysticskateboard20","mysticskateboard20@island.io","L0a<Y;`.81XW","1973-06-21","lose weight"
"585","wildskateboard73","wildskateboard73@adventure.com","3X~y""3FgKv7g""","1984-12-27","lose weight"
"586","mysticskateboard52","mysticskateboard52@island.io","jqJszeoz6_Qi","1988-01-02","strengthen"
"587","vividplayer25","vividplayer25@adventure.com","H+?U5LOIao(T","1993-04-10","strengthen"
"588","coolplayer16","coolplayer16@explore.net","7%dkq]=}|dYM","1966-01-04","strengthen"
"589","quietrider60","quietrider60@adventure.com","N*=e<4""""""","AE""","1980-07-07"
"59","savvyskateboard61","savvyskateboard61@explore.net","%Z4(*(/!->E^","1992-05-30","bulk up"
"590","slimyplayer43","slimyplayer43@explore.net","vi<51s""2hb8x""","2004-03-01","lose weight"
"591","quietskateboard45","quietskateboard45@adventure.com","i(w!^vH=0u/0","1978-05-29","bulk up"
"592","quietvietnam83","quietvietnam83@explore.net","8A5v|X&.nw{r","1967-11-03","lose weight"
"593","slimygeorge6","slimygeorge6@island.io","qTdU>m~g4eRM","1985-11-17","strengthen"
"594","mysticjumper89","mysticjumper89@island.io","nT4.m08}zuC2","1977-09-10","strengthen"
"595","quickvietnam57","quickvietnam57@adventure.com","F`RzBsJ:~!b^","1999-07-17","lose weight"
"596","prehistoricrunner95","prehistoricrunner95@adventure.com","j6%1\m]YhIP]","1966-12-28","strengthen"
"597","coolvietnam22","coolvietnam22@adventure.com","N""""""|v)yP}`'7""","1970-07-22","bulk up"
"598","savvygecko9","savvygecko9@explore.net","PlR[Tf<ge+[|","1993-09-21","bulk up"
"599","slimycreamer23","slimycreamer23@adventure.com","^)F[rl*SXlJc","1996-06-07","strengthen"
"6","savvyvietnam55","savvyvietnam55@explore.net","(XRewxy4z*&""""","1988-10-18","strengthen"
"60","savvypopcorn92","savvypopcorn92@explore.net","&W/sN>rVCxWT","1963-12-24","bulk up"
"600","vividgeorge58","vividgeorge58@explore.net","ZH~|EK$UUj3(","1972-11-13","lose weight"
"601","quickplayer10","quickplayer10@island.io","g<[WPaKnCBmT","1999-06-16","strengthen"
"602","georgevietnam22","georgevietnam22@explore.net","jN{%T]E%#fIw","1961-07-09","strengthen"
"603","epicskateboard99","epicskateboard99@explore.net","8kRL7*t>hnG`","1984-12-15","lose weight"
"604","georgerider30","georgerider30@explore.net","?f7]SG.{$.)Z","1981-09-07","lose weight"
"605","wildrunner36","wildrunner36@island.io","L{+qoAlG|`Zw","1975-08-18","bulk up"
"606","quietrider48","quietrider48@island.io","_+&Y?{(7?_w>","1976-11-14","lose weight"
"607","epicrunner81","epicrunner81@explore.net","%?{Yd~`Ldzk-","1998-09-22","lose weight"
"608","savvypopcorn63","savvypopcorn63@explore.net",">dC+3idj.ti`","1988-01-05","bulk up"
"609","georgegeorge25","georgegeorge25@adventure.com","Z[$)9nDArN%1","1985-02-09","lose weight"
"61","epicrunner7","epicrunner7@adventure.com","2;s}m?qC+D<3","1996-08-03","strengthen"
"610","georgethinker1","georgethinker1@adventure.com","P0yH&+lb1Zjj","2007-07-24","bulk up"
"611","quickcreamer3","quickcreamer3@explore.net","d%24k]{3UqL_","1989-05-26","bulk up"
"612","savvygecko85","savvygecko85@adventure.com","fc>,o0fv""c^8""","1974-08-23","lose weight"
"613","wildjumper89","wildjumper89@explore.net","#M;tOT7H[cV#","1983-02-01","strengthen"
"614","prehistoricgecko8","prehistoricgecko8@adventure.com","f!PuFCfY7GG?","1970-08-19","lose weight"
"615","savvygeorge50","savvygeorge50@adventure.com","GMcZ}aSnNg-r","2003-02-06","lose weight"
"616","prehistoricskateboard86","prehistoricskateboard86@adventure.com","4/I:{M:%+[20","1988-05-11","bulk up"
"617","quickrider89","quickrider89@explore.net","U~RQtmR#e`v1","1981-07-11","lose weight"
"618","prehistoricthinker14","prehistoricthinker14@island.io","'/Dod<6=Xa-'","1990-06-12","bulk up"
"619","coolrider45","coolrider45@island.io","qiufGi~0qRIk","1986-06-15","lose weight"
"62","georgeplayer72","georgeplayer72@island.io","E$EwCUSSv+7|","1995-02-03","strengthen"
"620","prehistoricplayer89","prehistoricplayer89@adventure.com","iN4<Ss,vkG&{","1968-11-23","bulk up"
"621","prehistoricrider15","prehistoricrider15@island.io","KCOdmBhbA:j4","1975-04-12","bulk up"
"622","mysticskateboard15","mysticskateboard15@explore.net","NPa((f#ZP{Oe","1994-10-22","lose weight"
"623","georgeplayer75","georgeplayer75@adventure.com","1&:8sSU[j1(D","2002-10-16","lose weight"
"624","mysticrider14","mysticrider14@explore.net","yF.:n;OF1A3W","1977-12-17","lose weight"
"625","quickrunner19","quickrunner19@island.io","S$yD1{BtPZ=_","1997-06-25","lose weight"
"626","epicthinker87","epicthinker87@adventure.com","6a$6U?;}BH@6","1993-03-01","bulk up"
"627","quickjumper18","quickjumper18@explore.net","Z}4cA'WV^.eL","1994-11-08","lose weight"
"628","savvyplayer31","savvyplayer31@explore.net","3-+C)n]dzhIG","1979-09-29","strengthen"
"629","georgejumper68","georgejumper68@explore.net","P0BiE>a1l@*d","1984-08-18","lose weight"
"63","cooljumper61","cooljumper61@island.io","WT$hG_L]1jc'","1996-12-30","lose weight"
"630","quickpopcorn80","quickpopcorn80@adventure.com","/P3(c:YbecW|","1980-08-15","bulk up"
"631","cooljumper67","cooljumper67@island.io","{qHQ^P6.9hr@","1986-07-05","bulk up"
"632","wildpopcorn25","wildpopcorn25@island.io","&0w[/\6f`tyf","1996-08-23","strengthen"
"633","vividthinker71","vividthinker71@adventure.com","4*C_V\l2j['L","1985-12-12","strengthen"
"634","savvyrunner69","savvyrunner69@adventure.com","FR*p$Q""{R0HE""","1974-09-23","lose weight"
"635","quickvietnam47","quickvietnam47@island.io",">0@+ye|Wa{'_","1985-03-01","strengthen"
"636","quietplayer17","quietplayer17@explore.net",":J9Jp7:eT`D:","2007-09-02","lose weight"
"637","quickthinker16","quickthinker16@explore.net","U^ATM7idx9+%","1986-03-08","lose weight"
"638","wildgeorge37","wildgeorge37@island.io","Z8oF-GU/7xaq","1964-08-28","strengthen"
"639","savvyjumper7","savvyjumper7@adventure.com","m;R|3K$*X?PS","2004-06-09","strengthen"
"64","georgecreamer48","georgecreamer48@explore.net","Mat}}1IPtvPo","2003-04-24","strengthen"
"640","slimyplayer21","slimyplayer21@explore.net","LO.\<R;G&Cp0","1969-09-30","lose weight"
"641","slimythinker84","slimythinker84@explore.net","5zL4@Dq%._CD","1985-02-19","lose weight"
"642","epicgecko86","epicgecko86@island.io","X=Sc?JDM;bUc","1998-04-14","strengthen"
"643","epicgeorge6","epicgeorge6@adventure.com","|e7S,*t6KmJ.","1990-10-14","strengthen"
"644","coolskateboard20","coolskateboard20@adventure.com","e>Z_Z$><<}Sw","1973-10-25","strengthen"
"645","coolpopcorn57","coolpopcorn57@island.io","/oYIT'Q8[*cO","1984-03-19","bulk up"
"646","cooljumper1","cooljumper1@island.io","E>fU(Z:TA<ZV","1974-04-24","lose weight"
"647","vividpopcorn19","vividpopcorn19@adventure.com","}tJC<Sr<:<x|","1981-10-18","lose weight"
"648","quietgecko55","quietgecko55@adventure.com","smrN+#~{hgF7","2001-01-13","strengthen"
"649","mysticjumper65","mysticjumper65@island.io","h*.l*@h\\0G#","2003-12-22","bulk up"
"65","prehistoricplayer22","prehistoricplayer22@island.io","mHjTei^H:eWa","1980-02-13","strengthen"
"650","coolrider12","coolrider12@explore.net","""/q)l'd7n@@F""","1968-10-05","strengthen"
"651","georgepopcorn86","georgepopcorn86@island.io","P&g$5Rq*p}\}","1963-09-20","strengthen"
"652","georgecreamer68","georgecreamer68@explore.net","soNbuuGEx?PK","1993-09-10","strengthen"
"653","epicgecko27","epicgecko27@explore.net","LpR/0t*4[!|=","1986-06-04","strengthen"
"654","epicskateboard50","epicskateboard50@explore.net","Z83H3<#I2zEU","2000-07-19","strengthen"
"655","epicrunner10","epicrunner10@adventure.com",")<'<k3C.C#+E","1982-11-18","lose weight"
"656","wildskateboard8","wildskateboard8@explore.net","?{PoEdxNM]$r","2008-06-20","bulk up"
"657","savvyskateboard23","savvyskateboard23@adventure.com","EOLghUK8SRJl","1978-03-05","lose weight"
"658","coolcreamer78","coolcreamer78@island.io","k%rZ@?aj27$j","1962-11-09","lose weight"
"659","georgejumper22","georgejumper22@island.io","g4e]vV7QX#Dn","2001-05-29","strengthen"
"66","quickplayer6","quickplayer6@explore.net","!{<mW;DwV5KM","1966-12-24","lose weight"
"660","mysticjumper39","mysticjumper39@explore.net","u>D,~Qz0VIMl","1977-09-30","bulk up"
"661","savvyjumper38","savvyjumper38@explore.net","j<asJvt_PC3V","1997-11-25","lose weight"
"662","epicgecko1","epicgecko1@island.io","Iyh&P6\*J{Aq","1999-11-03","strengthen"
"663","quietplayer56","quietplayer56@adventure.com","]FFar8PEb,|u","1996-04-27","bulk up"
"664","quietrunner75","quietrunner75@adventure.com","=11lCEihOgj>","1993-07-15","lose weight"
"665","coolplayer26","coolplayer26@adventure.com","K4x`<QKFZSor","1964-05-04","bulk up"
"666","savvyrider61","savvyrider61@island.io","0E85^m|R$Gg7","2000-12-13","lose weight"
"667","epicjumper38","epicjumper38@explore.net","[+BYSTtZsrl(","1989-02-01","bulk up"
"668","coolthinker54","coolthinker54@explore.net","2ag~|5oU*COF","1977-02-01","lose weight"
"669","savvypopcorn33","savvypopcorn33@explore.net","Lum]k1!7vsTI","1960-04-15","lose weight"
"67","mysticgecko84","mysticgecko84@explore.net","u*!EK,Lizp-!","1993-01-07","strengthen"
"670","quickpopcorn98","quickpopcorn98@adventure.com","j&8EMp$S.,K)","1984-07-29","lose weight"
"671","epicpopcorn34","epicpopcorn34@explore.net","R`Ql6C=QbZuW","2002-07-27","strengthen"
"672","vividgecko99","vividgecko99@explore.net",";""j","$H'6fw#c""","1994-05-25"
"673","quietgecko92","quietgecko92@adventure.com","^`<;4Kg#^1Kc","2007-09-18","bulk up"
"674","prehistoricplayer63","prehistoricplayer63@explore.net","CDC*o}&kOKRF","1972-08-12","strengthen"
"675","quietjumper81","quietjumper81@adventure.com","ECWFB:lZ!;+j","1960-03-04","strengthen"
"676","vividpopcorn47","vividpopcorn47@adventure.com","{8AKY""%t<QE5""","1964-05-02","lose weight"
"677","georgethinker32","georgethinker32@island.io","6${%d/>C8A>h","1967-04-29","bulk up"
"678","quickgeorge98","quickgeorge98@explore.net","luwIDP3LQ>u,","2007-03-19","strengthen"
"679","quickcreamer73","quickcreamer73@explore.net","ZMK>rDi*e8.|","1992-05-12","bulk up"
"68","slimyrider6","slimyrider6@island.io","`GbP6mUD3HWO","1997-06-14","lose weight"
"680","vividvietnam13","vividvietnam13@island.io","+d=Ey|A-oMFU","1993-12-14","bulk up"
"681","coolgecko44","coolgecko44@explore.net","jbRxCr70(z!_","2003-06-14","lose weight"
"682","coolthinker97","coolthinker97@adventure.com","kf#&#,=0)*x|","1974-07-15","bulk up"
"683","vividplayer75","vividplayer75@adventure.com","OJG~cF)#^Iow","1963-12-03","strengthen"
"684","wildrunner70","wildrunner70@island.io","""o#)%:v~M_K{""","1961-09-07","strengthen"
"685","quickgecko40","quickgecko40@island.io","ql%)F*s,}3|j","1985-04-04","lose weight"
"686","epicjumper86","epicjumper86@explore.net","c`J{'-O""lg:F""","1994-07-16","strengthen"
"687","slimyjumper45","slimyjumper45@island.io","BtW@?eShu-g5","2006-04-17","strengthen"
"688","quickcreamer18","quickcreamer18@island.io","%3'JbqF3v6(P","1999-04-17","lose weight"
"689","wildrider34","wildrider34@adventure.com","/ibJ}2qbQgc$","2000-04-13","strengthen"
"69","wildskateboard74","wildskateboard74@adventure.com",":fObWfRxzSxQ","1995-07-23","lose weight"
"690","wildthinker20","wildthinker20@island.io","g)[,j;WVh""n:""","2007-02-20","strengthen"
"691","georgeplayer79","georgeplayer79@adventure.com","S=Q$M?wJpaKW","1962-06-03","bulk up"
"692","mysticthinker62","mysticthinker62@adventure.com","\8Q|{Nus_s[b","1971-08-05","strengthen"
"693","quietskateboard9","quietskateboard9@adventure.com","fXqU[""lFGrN>""","2001-07-26","strengthen"
"694","mysticrider25","mysticrider25@explore.net","oEsn(f]rd9C-","1970-02-27","strengthen"
"695","coolpopcorn89","coolpopcorn89@adventure.com",".mYnLfeVU*W}","2001-04-04","bulk up"
"696","prehistoricvietnam66","prehistoricvietnam66@adventure.com","x:gg^M\+$B1=","1963-08-29","strengthen"
"697","quietjumper63","quietjumper63@adventure.com",".7B2AZ_ZG64U","1994-10-19","bulk up"
"698","vividskateboard47","vividskateboard47@explore.net","As?HN6mH?inw","1988-11-23","bulk up"
"699","mysticjumper32","mysticjumper32@adventure.com","cnd]nmf@:tv+","1983-09-16","bulk up"
"7","slimyskateboard52","slimyskateboard52@island.io","""'v_V=g4Vt/b""","2000-10-04","bulk up"
"70","quietjumper93","quietjumper93@explore.net","+u|NW0FE5*AJ","1980-03-09","lose weight"
"700","wildvietnam40","wildvietnam40@explore.net","I1n<?sUlb>.q","2002-12-09","lose weight"
"701","coolvietnam45","coolvietnam45@explore.net","Gu,o@`>ekf\0","1979-10-16","strengthen"
"702","epicplayer21","epicplayer21@island.io",":!XLYB>*L~~y","1985-12-26","bulk up"
"703","coolrider17","coolrider17@island.io","A]MT13+B+F6(","1998-11-24","lose weight"
"704","slimyskateboard31","slimyskateboard31@explore.net","LXn#Lp6m<J{m","2006-08-28","strengthen"
"705","quietrider7","quietrider7@adventure.com",">{lcq+rW)q[""""","1992-07-05","lose weight"
"706","coolplayer98","coolplayer98@adventure.com","Q7[_4|/[@^vh","1991-09-17","lose weight"
"707","coolvietnam35","coolvietnam35@island.io","PbVp)$S%gVLQ","1965-09-12","bulk up"
"708","slimyplayer48","slimyplayer48@island.io","NEEIz[mlL>I2","1963-06-03","bulk up"
"709","savvygecko34","savvygecko34@island.io","Z""ZGlyw2]Sj`""","1969-07-03","bulk up"
"71","slimythinker98","slimythinker98@island.io","W{+Qw9>}>PNm","1980-02-16","strengthen"
"710","slimythinker64","slimythinker64@explore.net","o$\}S=p)M$=G","1966-06-10","lose weight"
"711","savvyskateboard7","savvyskateboard7@explore.net","""L48DS~.X|^m""","1995-08-17","strengthen"
"712","wildthinker30","wildthinker30@island.io","(XZr(wnj]HLR","1977-07-15","lose weight"
"713","wildplayer90","wildplayer90@explore.net","cT>@d'd?9RnR","1973-07-30","strengthen"
"714","epicplayer15","epicplayer15@adventure.com","T$jHo:Y1U]?j","1981-05-09","bulk up"
"715","quickrunner83","quickrunner83@adventure.com","\h=#%$LrQz?r","1988-12-21","bulk up"
"716","slimyskateboard41","slimyskateboard41@island.io","U?|mI\y85s[U","2008-10-28","lose weight"
"717","prehistoricgeorge36","prehistoricgeorge36@island.io","TXQ*w-]\R2)j","1961-02-19","lose weight"
"718","slimygeorge83","slimygeorge83@explore.net","""K&94BL2","DmD""","1978-11-27"
"719","quietskateboard97","quietskateboard97@adventure.com","0sHe^m/PAeV/","1971-10-19","strengthen"
"72","georgejumper43","georgejumper43@island.io",";8^Xe36i|)]m","1979-02-28","bulk up"
"720","georgeskateboard45","georgeskateboard45@explore.net","q&xX?vvc<rlB","1968-09-30","strengthen"
"721","prehistoricrunner11","prehistoricrunner11@adventure.com","4Ex$W;3fGEw&","1980-06-25","bulk up"
"722","cooljumper94","cooljumper94@explore.net","|lT20eO/jR9B","1965-01-05","strengthen"
"723","quickrunner81","quickrunner81@adventure.com",".T#XWHL$\m^2","2003-01-27","lose weight"
"724","vividgecko14","vividgecko14@adventure.com","(lG[LDCAMybc","1996-01-27","lose weight"
"725","quickjumper99","quickjumper99@island.io",":k~~(3>nFeA'","2004-10-14","lose weight"
"726","slimyplayer28","slimyplayer28@island.io",".7|}c|lV3XlA","1979-02-02","bulk up"
"727","wildgecko69","wildgecko69@adventure.com","l/;t(<e0qmsq","1965-05-13","bulk up"
"728","coolthinker20","coolthinker20@adventure.com","g2iNqHR?Wb7e","1964-11-22","bulk up"
"729","mysticrider56","mysticrider56@island.io","DCP=Hzu6DW;?","1971-02-23","lose weight"
"73","georgerunner60","georgerunner60@adventure.com","=JM0Zh,Fgv3d","2004-11-16","strengthen"
"730","slimygecko78","slimygecko78@explore.net","Mr}pS''^73m3","1965-10-09","lose weight"
"731","vividskateboard9","vividskateboard9@adventure.com","&wZ)Gp`_*#jm","1972-12-04","strengthen"
"732","vividskateboard89","vividskateboard89@explore.net","}![PO+n{eM{7","2007-11-25","bulk up"
"733","savvyvietnam7","savvyvietnam7@island.io","UqLePFglj\hF","1973-08-05","lose weight"
"734","mysticpopcorn39","mysticpopcorn39@explore.net","][Ys8|.iC|-<","1991-02-09","lose weight"
"735","coolpopcorn10","coolpopcorn10@explore.net","Bd?|}Hun4y6F","1976-10-11","bulk up"
"736","savvyrunner1","savvyrunner1@adventure.com","AX-bZ4UMNLk.","1997-01-28","bulk up"
"737","vividrider62","vividrider62@adventure.com","sc:Id)l^qGK$","1997-05-17","strengthen"
"738","coolvietnam89","coolvietnam89@adventure.com","AYq\f^`h""q1/""","1979-10-23","bulk up"
"739","slimygecko73","slimygecko73@adventure.com","g%6_M%/_Co8B","1971-04-08","bulk up"
"74","prehistoricpopcorn48","prehistoricpopcorn48@explore.net","hT^x~q)gF`M#","1987-10-03","lose weight"
"740","quietskateboard20","quietskateboard20@island.io","!6kLw~!i,%Vq","2007-10-29","strengthen"
"741","prehistoricgecko85","prehistoricgecko85@island.io","_AkG4fdB/5#{","1969-06-22","lose weight"
"742","slimyskateboard83","slimyskateboard83@island.io","vVcB`<p*qTXU","1987-05-26","bulk up"
"743","georgepopcorn69","georgepopcorn69@explore.net","PoKrh7E+^,bx","1996-05-24","strengthen"
"744","georgegecko95","georgegecko95@explore.net","b@fH4A]xu[a[","2005-08-31","bulk up"
"745","epicgecko28","epicgecko28@island.io","VKJ%0sTf]Z|Z","2001-01-01","lose weight"
"746","georgerider28","georgerider28@explore.net","C]K3MkKIvVGZ","1991-05-12","bulk up"
"747","georgeskateboard68","georgeskateboard68@adventure.com","$}7EX6914/>c","1987-12-20","bulk up"
"748","wildjumper26","wildjumper26@explore.net","$(-L%Hx:ka_6","1977-09-17","strengthen"
"749","coolrunner85","coolrunner85@island.io","L,}XDvc'jDB(","2002-05-26","strengthen"
"75","quietcreamer26","quietcreamer26@adventure.com","9?Nyy%""`gP0~""","1997-01-21","strengthen"
"750","mysticvietnam40","mysticvietnam40@adventure.com","C_]4I-gVlB%0","1996-02-01","bulk up"
"751","quietjumper88","quietjumper88@explore.net",";@Pg`Ng~QorD","1990-03-26","bulk up"
"752","wildjumper85","wildjumper85@adventure.com","b1v?{|4h&?YC","1962-06-04","lose weight"
"753","epicthinker31","epicthinker31@explore.net","zK]!j15]C^o(","2000-10-28","strengthen"
"754","slimythinker76","slimythinker76@island.io","@)jqA!{Qij/u","1988-09-26","bulk up"
"755","georgeskateboard55","georgeskateboard55@explore.net","$]oeXOazB'\8","1986-04-27","strengthen"
"756","wildvietnam76","wildvietnam76@explore.net","5!nW(P<|yZ8t","1964-06-03","bulk up"
"757","savvyrunner54","savvyrunner54@explore.net","j${G]97c[5Ha","1986-09-06","bulk up"
"758","wildgeorge78","wildgeorge78@adventure.com",";""L_sn>o2f$=""","1996-05-27","lose weight"
"759","slimygecko44","slimygecko44@adventure.com","mn;kb}>vikEJ","1994-09-30","bulk up"
"76","wildjumper42","wildjumper42@explore.net","T\&zcd<VBM.A","1970-08-30","lose weight"
"760","wildgecko12","wildgecko12@adventure.com","Eu'ac@[YN""<&""","1979-01-05","bulk up"
"761","savvythinker49","savvythinker49@explore.net","aZy2a;wE[W)S","1968-06-18","lose weight"
"762","coolgeorge45","coolgeorge45@adventure.com","rV/.-P'pydx5","1967-10-18","lose weight"
"763","epicthinker37","epicthinker37@adventure.com","F%9;.C&EL1[x","1969-08-19","strengthen"
"764","wildskateboard99","wildskateboard99@island.io","[+<9}^r}u<F'","2005-09-21","strengthen"
"765","prehistoricgecko58","prehistoricgecko58@explore.net",")vcl{R#]Q.dP","1969-05-23","lose weight"
"766","quietgeorge64","quietgeorge64@island.io","96A#@AyiR@OL","2003-03-05","strengthen"
"767","quickpopcorn81","quickpopcorn81@explore.net","|+uoOon*Ngm.","1979-04-23","bulk up"
"768","slimypopcorn61","slimypopcorn61@island.io","_+gJdv;a2N1s","1983-06-14","strengthen"
"769","slimypopcorn33","slimypopcorn33@island.io","Kf`7;kdwFzI\","2005-08-09","lose weight"
"77","wildrider5","wildrider5@explore.net","]eL4g68t\c~2","1978-02-20","lose weight"
"770","quietcreamer12","quietcreamer12@island.io","P#SoH2#FCNmH","1970-01-04","lose weight"
"771","prehistoricplayer93","prehistoricplayer93@explore.net","g?{+`qn{nL~8","1960-10-05","lose weight"
"772","savvythinker24","savvythinker24@explore.net","&`1Z*mp'[wa_","1974-09-14","lose weight"
"773","wildgecko13","wildgecko13@explore.net","LndEYu*{""t&'""","1987-02-18","lose weight"
"774","savvyvietnam15","savvyvietnam15@island.io","./OC\GD+@Zbe","1987-10-26","strengthen"
"775","vividrider11","vividrider11@explore.net","Y!H;dmt:C/cc","1994-12-03","bulk up"
"776","prehistoricjumper46","prehistoricjumper46@island.io","@Rr~ty[yN7>}","1975-07-28","lose weight"
"777","epicgeorge27","epicgeorge27@explore.net","Nlh/tllUe62M","1985-06-20","bulk up"
"778","quietjumper7","quietjumper7@adventure.com","^eLrYp6WiMzL","2005-07-31","lose weight"
"779","wildthinker94","wildthinker94@island.io","3~'iSl8u!{o(","1981-01-06","strengthen"
"78","mysticvietnam95","mysticvietnam95@adventure.com","gm4Sy')'Vt3M","1981-08-07","lose weight"
"780","epicrider13","epicrider13@island.io","CarP'RY]{6't","1986-07-03","bulk up"
"781","vividrunner49","vividrunner49@adventure.com","Y`%5""TN614n%""","1972-01-31","strengthen"
"782","prehistoricskateboard38","prehistoricskateboard38@explore.net","hQ}S]U'1l]`0","1973-01-22","strengthen"
"783","savvyplayer69","savvyplayer69@island.io","<QXFL]-!)C?Q","2001-02-02","bulk up"
"784","coolgecko72","coolgecko72@adventure.com","5zJ^4Nr)JqZ&","1990-10-29","strengthen"
"785","mysticrunner45","mysticrunner45@island.io","sx!@\%~]akM]","1965-03-19","strengthen"
"786","prehistoricplayer38","prehistoricplayer38@adventure.com","{#.'-+OK7OVn","1983-07-28","lose weight"
"787","mysticcreamer46","mysticcreamer46@island.io","P9INlo[nvtoN","1996-02-10","lose weight"
"788","coolthinker65","coolthinker65@explore.net","{/|X%BI}0Igs","1992-03-24","strengthen"
"789","prehistoricplayer8","prehistoricplayer8@adventure.com","tP{Ob#1e+0iQ","1968-12-10","strengthen"
"79","quickgeorge45","quickgeorge45@explore.net","SYCfy&C8:|]%","1963-03-01","strengthen"
"790","georgegeorge83","georgegeorge83@explore.net","z*@5pKl1iU9-","1961-08-03","bulk up"
"791","prehistoricgeorge65","prehistoricgeorge65@island.io","DVA1B\`Pfsw+","1963-07-16","strengthen"
"792","vividpopcorn14","vividpopcorn14@explore.net",",KY[*rT<HSX4","2002-06-04","bulk up"
"793","epicplayer48","epicplayer48@adventure.com","v|$u&1mpm;f[","2004-07-29","strengthen"
"794","coolpopcorn92","coolpopcorn92@adventure.com","}u#SS'aoD*B/","1991-10-24","bulk up"
"795","georgeskateboard78","georgeskateboard78@adventure.com","Wc$!zUyk+8<:","1995-12-07","strengthen"
"796","savvyrider25","savvyrider25@adventure.com","PAtZhR1b3`=D","1983-11-12","strengthen"
"797","quietpopcorn96","quietpopcorn96@island.io","|9ol!Q[[6j7""""","1991-10-24","bulk up"
"798","mysticthinker64","mysticthinker64@adventure.com","l?J+AF2xi*Nj","1970-08-13","strengthen"
"799","mysticcreamer1","mysticcreamer1@adventure.com","E75E#9\C>ixb","2001-06-19","lose weight"
"8","quietcreamer79","quietcreamer79@adventure.com","Cfr?_e-TjPLU","2001-12-01","lose weight"
"80","epicplayer41","epicplayer41@island.io","mMNObssSI$m#","1969-11-16","strengthen"
"800","epicvietnam83","epicvietnam83@adventure.com","[%|<<T}5Y(/K","1976-08-07","lose weight"
"801","quickplayer15","quickplayer15@explore.net",",uE'Hcv*F'ln","2002-03-28","strengthen"
"802","georgerunner73","georgerunner73@adventure.com","VcXY[r:PDwQ2","1993-02-17","lose weight"
"803","quickrunner64","quickrunner64@island.io","?2`c>lUW!ZqD","1991-12-12","strengthen"
"804","vividrider90","vividrider90@explore.net","#kYjF|u2EW&?","1978-11-25","lose weight"
"805","mysticplayer44","mysticplayer44@adventure.com","AHmgnC?nm}-V","1970-02-19","bulk up"
"806","georgerider27","georgerider27@adventure.com","N@:j4=Mbq]TD","1974-05-16","lose weight"
"807","savvycreamer56","savvycreamer56@adventure.com","1:cfr]:9M!I5","1971-08-25","lose weight"
"808","georgevietnam81","georgevietnam81@island.io",":&ESt:4IfDJd","1986-02-06","bulk up"
"809","coolplayer69","coolplayer69@explore.net","~M)r{CXyT?J`","1977-11-24","lose weight"
"81","prehistoricplayer55","prehistoricplayer55@explore.net","DhYs`+;RZ]+T","1987-05-14","bulk up"
"810","epicjumper11","epicjumper11@explore.net","=5Un[}bT3+3:","1991-02-09","bulk up"
"811","vividcreamer78","vividcreamer78@explore.net","&leSejon?GWD","1980-02-23","lose weight"
"812","georgevietnam95","georgevietnam95@island.io","HlV18!(-NCrT","1978-09-05","bulk up"
"813","quickskateboard32","quickskateboard32@adventure.com","^0>2sl|@Xo.5","1997-11-02","bulk up"
"814","quickpopcorn89","quickpopcorn89@explore.net","FT?Hnz&%&+En","1991-01-20","bulk up"
"815","prehistoricplayer66","prehistoricplayer66@explore.net","@L?{^q}a+XyV","1965-10-31","lose weight"
"816","wildjumper38","wildjumper38@adventure.com","qsjEYz:(`Jvt","2004-06-08","strengthen"
"817","coolpopcorn94","coolpopcorn94@adventure.com","$-VjY451\`lD","1983-05-07","lose weight"
"818","quietrunner99","quietrunner99@explore.net","hz_eshi\!Ccl","1967-12-06","strengthen"
"819","epicvietnam26","epicvietnam26@adventure.com","qr7w""R0F1@;",",1985-03-31,lose weight
820,savvypopcorn21,savvypopcorn21@island.io,-rJK*_T""""L'C#""","1972-12-04"
"82","quietrunner89","quietrunner89@island.io","O(?'sED/9>C/","1974-07-12","bulk up"
"821","mysticskateboard1","mysticskateboard1@explore.net","'gSL9Ng"":?B_""","1961-09-16","lose weight"
"822","vividgeorge98","vividgeorge98@explore.net","}%f~kqzu-X%(","1982-11-18","lose weight"
"823","wildskateboard5","wildskateboard5@island.io","aE18&G}%Cao3","2005-11-18","lose weight"
"824","quickjumper53","quickjumper53@adventure.com","K6?'|}/x%bRd","2003-12-16","bulk up"
"825","vividrider95","vividrider95@adventure.com","+fL\JuZWuElB","1999-11-10","bulk up"
"826","epicthinker24","epicthinker24@explore.net","xHSJ81k""MYNk""","1988-12-27","lose weight"
"827","quickplayer92","quickplayer92@explore.net","S[@D<u#lP:\:","1965-04-08","strengthen"
"828","slimypopcorn1","slimypopcorn1@island.io","""h","db5jZb>6H""","1962-10-19"
"829","wildthinker70","wildthinker70@island.io","kHPZjpI9d%Y+","1961-09-17","bulk up"
"83","epicskateboard80","epicskateboard80@island.io","Bv_m#Im(h)7s","1969-11-29","lose weight"
"830","savvyrider21","savvyrider21@island.io","p81t*:L#3-2L","1995-04-10","lose weight"
"831","epiccreamer17","epiccreamer17@island.io","&.;rC`V8qmGK","1974-04-05","strengthen"
"832","prehistoriccreamer9","prehistoriccreamer9@island.io","1owPYQHDS?u2","1965-08-17","bulk up"
"833","mysticplayer8","mysticplayer8@island.io","5'4:/~*DUq>R","1971-10-05","bulk up"
"834","mysticskateboard99","mysticskateboard99@explore.net","DMp%^.nt9Q4C","1961-11-30","lose weight"
"835","coolpopcorn68","coolpopcorn68@island.io","$[Nx?~=394Jc","1970-11-11","lose weight"
"836","quickplayer46","quickplayer46@explore.net","Z~%hawufjEES","1984-10-04","strengthen"
"837","quietrider67","quietrider67@adventure.com","@'F1))O<B&\I","2002-07-28","bulk up"
"838","prehistoricjumper51","prehistoricjumper51@island.io","hXR&p!P~(iSZ","1984-09-01","lose weight"
"839","epicvietnam95","epicvietnam95@island.io","x'2t:F+1/48Q","1966-01-22","strengthen"
"84","quietcreamer53","quietcreamer53@adventure.com","M4N[Cg?_""|_/""","1980-10-12","lose weight"
"840","savvyrider9","savvyrider9@adventure.com","[jot`:!h\YDa","2001-07-28","strengthen"
"841","coolrunner40","coolrunner40@explore.net","I:S1FOcO*y#p","2005-08-30","lose weight"
"842","quickjumper89","quickjumper89@adventure.com","+_l%z%Aq8l(u","1995-04-16","lose weight"
"843","slimyrunner38","slimyrunner38@island.io","W<+F,bOo2/?_","2007-11-19","lose weight"
"844","savvyskateboard13","savvyskateboard13@island.io","w'lE0@sukwFu","1965-08-25","strengthen"
"845","epicthinker90","epicthinker90@explore.net","RZNs20V3F*1B","2001-11-25","lose weight"
"846","savvyplayer98","savvyplayer98@explore.net","}zm`+Hw+Q-1}","2007-05-28","strengthen"
"847","quietgecko13","quietgecko13@adventure.com","7r*|N{{v,`z{","1987-01-08","lose weight"
"848","vividplayer15","vividplayer15@explore.net","%=c:=$/X3/N`","1986-04-01","bulk up"
"849","quietrider96","quietrider96@island.io",")2J,e,/r=pV2","1974-05-06","bulk up"
"85","slimyplayer1","slimyplayer1@island.io","h0!e9j(z4F[W","1987-12-01","bulk up"
"850","epicthinker51","epicthinker51@adventure.com","#*k_.TY,8xPY","1980-03-23","bulk up"
"851","epiccreamer89","epiccreamer89@island.io",";/K`|E-yBX_A","2007-03-04","bulk up"
"852","quickpopcorn48","quickpopcorn48@island.io","|hK:bo?LkI!}","2001-07-12","lose weight"
"853","coolgeorge31","coolgeorge31@adventure.com","PZ/PoAFC,U[(","1999-01-19","bulk up"
"854","georgejumper82","georgejumper82@explore.net","Z9'!4DtI/,CR","1994-09-18","lose weight"
"855","georgegecko72","georgegecko72@explore.net",""":X9}.UdWb9:""","1987-07-22","bulk up"
"856","mysticthinker35","mysticthinker35@adventure.com","8e@}Y]utefUm","2005-07-24","strengthen"
"857","vividrider45","vividrider45@adventure.com",")55l9L5]FpGD","2004-07-01","bulk up"
"858","epicvietnam58","epicvietnam58@adventure.com","Q.$8cv&/B0`i","1973-01-26","bulk up"
"859","epicjumper47","epicjumper47@island.io","$pvF?+u;O?\\","1998-05-12","bulk up"
"86","vividrider74","vividrider74@adventure.com","""E}BVuk(`+j`""","1992-03-24","bulk up"
"860","georgecreamer37","georgecreamer37@explore.net","'L!Y%!#>|Hoa","1997-08-04","strengthen"
"861","georgerider73","georgerider73@adventure.com",".fyvqDzCMmR0","1980-06-10","lose weight"
"862","quickrunner29","quickrunner29@island.io","AQq8Q.1KW_jS","1966-10-03","bulk up"
"863","epicvietnam67","epicvietnam67@adventure.com","ojNo>WMf<f|Q","1985-09-22","bulk up"
"864","epicrunner39","epicrunner39@adventure.com","2Z1H9d1<=Run","1999-01-30","bulk up"
"865","mysticcreamer60","mysticcreamer60@explore.net","VG=;hmW~xc""v""","1965-04-03","strengthen"
"866","georgethinker78","georgethinker78@adventure.com","S,KtxH?(QCq>","1968-08-01","strengthen"
"867","quietskateboard22","quietskateboard22@explore.net","Y]mj7k(*@|Dg","2000-11-18","lose weight"
"868","quietcreamer72","quietcreamer72@adventure.com","UT%|R)2Kq~tt","1960-12-13","lose weight"
"869","slimythinker33","slimythinker33@island.io","JH')=G&_X_Ae","2002-07-13","strengthen"
"87","prehistoricskateboard47","prehistoricskateboard47@island.io","+*=>/2f4IVkl","1986-05-30","lose weight"
"870","vividplayer58","vividplayer58@explore.net","bV%-xMK}&X=4","1960-11-12","bulk up"
"871","coolpopcorn26","coolpopcorn26@adventure.com","EFZM[O$`GX<,","1979-05-24","lose weight"
"872","coolgecko45","coolgecko45@adventure.com","MD#%+/x&YSHZ","1966-07-10","strengthen"
"873","georgejumper9","georgejumper9@adventure.com","#]*\^a7)6[c,","2008-01-30","bulk up"
"874","vividrunner53","vividrunner53@adventure.com","ejS]Il5RUo:!","1988-07-22","bulk up"
"875","quickrunner17","quickrunner17@island.io","Shp%s""H2-\NF""","2008-03-27","bulk up"
"876","georgecreamer47","georgecreamer47@island.io","~`?7j(gwwUX-","1999-04-18","bulk up"
"877","quickthinker58","quickthinker58@adventure.com","-)[&l2120rq~","1993-11-22","strengthen"
"878","cooljumper17","cooljumper17@island.io","Lx@h8OM]/j9H","2006-06-29","bulk up"
"879","coolpopcorn32","coolpopcorn32@explore.net","w/[l2R5rX$&:","1970-04-23","strengthen"
"88","quickcreamer21","quickcreamer21@explore.net","@5nbKIFqXdvw","2003-06-27","strengthen"
"880","epicpopcorn21","epicpopcorn21@explore.net","j^>Ua7WvNt0W","1992-01-17","bulk up"
"881","georgegecko54","georgegecko54@adventure.com","3dB/tc|T&'`]","1984-08-12","strengthen"
"882","quietgecko86","quietgecko86@explore.net",",,&C&BGlt-bd","1969-12-21","lose weight"
"883","quietthinker7","quietthinker7@explore.net","5EFYX6<gpuF[","1964-04-13","strengthen"
"884","quietrider26","quietrider26@explore.net","t;'7{d+$7aM1","1988-08-19","lose weight"
"885","epicplayer17","epicplayer17@adventure.com","nb<o50ZZH5Oq","2004-07-11","strengthen"
"886","prehistoricplayer9","prehistoricplayer9@island.io","krhrTKcf+e4y","1980-08-12","bulk up"
"887","mysticskateboard91","mysticskateboard91@adventure.com","Kcy""R6[tcPq""""""","1964-03-23","bulk up"
"888","vividskateboard71","vividskateboard71@adventure.com","qM`/.nU)`<Kz","1991-08-17","strengthen"
"889","vividplayer41","vividplayer41@explore.net","uMCQ4TY~p@A0","2007-11-26","strengthen"
"89","quickcreamer75","quickcreamer75@adventure.com","2{47y3X}n&F{","1980-01-04","strengthen"
"890","quietrider18","quietrider18@adventure.com","e}hiGNgwCk;^","1993-03-29","lose weight"
"891","epicgecko13","epicgecko13@island.io","%m7^]C@jncp]","2008-03-21","bulk up"
"892","epicthinker54","epicthinker54@explore.net","c}p~7NIC_7zp","1991-01-04","lose weight"
"893","slimygecko69","slimygecko69@adventure.com","EUVsI;XF11wa","1998-04-10","bulk up"
"894","savvythinker12","savvythinker12@explore.net","@)H~Zcw0g|8y","2001-11-05","lose weight"
"895","mysticskateboard12","mysticskateboard12@adventure.com","]\Vbfb%x8hUH","1961-08-18","bulk up"
"896","coolgecko89","coolgecko89@island.io",")4eD>Y@y'KiJ","1965-09-15","bulk up"
"897","quietthinker12","quietthinker12@adventure.com","M~DUsx.Y#-DD","1983-01-16","strengthen"
"898","savvyjumper19","savvyjumper19@explore.net","jA;>YKk3?-{a","1979-01-08","lose weight"
"899","coolvietnam85","coolvietnam85@explore.net","@'uhj8F""P-ym""","1999-01-15","lose weight"
"9","savvypopcorn98","savvypopcorn98@adventure.com","HhLgTC2n{v7L","2000-09-25","bulk up"
"90","savvyrunner38","savvyrunner38@island.io","OshmMP^kX_PA","1976-04-12","bulk up"
"900","georgerider78","georgerider78@adventure.com","z1IdP]?Y%ELx","2004-10-03","lose weight"
"901","quickgecko54","quickgecko54@adventure.com","""p^27.","BwaN|""","1985-07-14"
"902","quietjumper82","quietjumper82@island.io","%E3)XVE#oxIN","1984-01-04","lose weight"
"903","epiccreamer29","epiccreamer29@adventure.com","n'HFK}1+""{=[""","1963-02-11","lose weight"
"904","quietrunner63","quietrunner63@island.io","v&dE9adB15V'","1996-02-11","lose weight"
"905","quickcreamer55","quickcreamer55@island.io","r8e\M~2|c_t\","1990-05-09","strengthen"
"906","wildjumper21","wildjumper21@island.io","""X<5}_7r)8I=""","1994-03-10","strengthen"
"907","slimyjumper66","slimyjumper66@adventure.com","hCJvxIsu{eef","1983-04-26","bulk up"
"908","prehistoricpopcorn8","prehistoricpopcorn8@explore.net","kiHU{|-qxpp{","1983-11-24","strengthen"
"909","mysticvietnam29","mysticvietnam29@island.io","_e5,-T<+`ex.","1989-02-22","lose weight"
"91","slimypopcorn35","slimypopcorn35@explore.net","I?6X:V{L,yV.","1966-08-24","lose weight"
"910","coolgecko5","coolgecko5@island.io","jwMS2/C-pTJ\","1969-05-10","lose weight"
"911","coolpopcorn84","coolpopcorn84@adventure.com","EZ\8..~Q_l{`","1972-05-29","strengthen"
"912","georgecreamer63","georgecreamer63@explore.net","S{-cVAB?OQoe","1983-09-02","lose weight"
"913","prehistoricskateboard31","prehistoricskateboard31@explore.net","kexfB~~*#OoG","1983-06-03","strengthen"
"914","mysticgecko50","mysticgecko50@adventure.com","]1O}}$g6GV+I","1979-01-06","strengthen"
"915","prehistoricpopcorn66","prehistoricpopcorn66@island.io","R=,OCKz'Ew^@","1981-08-17","lose weight"
"916","mysticjumper76","mysticjumper76@explore.net","V7iazoW:TQV6","1995-09-04","bulk up"
"917","georgepopcorn63","georgepopcorn63@explore.net","=&F"">zBgH$4w""","1974-06-17","bulk up"
"918","quietskateboard94","quietskateboard94@explore.net","WuW2NwfQ7]/(","1985-07-28","bulk up"
"919","prehistoricrunner10","prehistoricrunner10@adventure.com","v+6^^5![pIi(","1994-12-22","bulk up"
"92","quietgeorge70","quietgeorge70@island.io","kC&u\gd7-#BR","1972-06-16","bulk up"
"920","wildvietnam97","wildvietnam97@adventure.com","|iphs]_/]Urv","2001-02-18","bulk up"
"921","prehistoricgecko25","prehistoricgecko25@explore.net","lqnYwCmS)a~W","1963-04-12","bulk up"
"922","prehistoricpopcorn81","prehistoricpopcorn81@explore.net","8dl?p}.%.SS5","1991-06-27","lose weight"
"923","georgeplayer97","georgeplayer97@island.io","Vbl[?LAA4:%a","1979-07-01","lose weight"
"924","vividpopcorn64","vividpopcorn64@explore.net","bK$LsvjhG6Tg","1965-05-03","bulk up"
"925","epicplayer37","epicplayer37@island.io","O^'OIdT0\$5`","1978-02-27","lose weight"
"926","quickskateboard68","quickskateboard68@explore.net","v@r?KyD~yVJx","1981-08-04","strengthen"
"927","slimypopcorn19","slimypopcorn19@island.io","$}e[j""*`'C7g""","2007-02-04","strengthen"
"928","mysticrider3","mysticrider3@island.io",";N&iz_h=etM<","1978-12-25","bulk up"
"929","prehistoricskateboard42","prehistoricskateboard42@adventure.com","@*Lad1:}AriZ","2008-12-22","lose weight"
"93","epicskateboard53","epicskateboard53@island.io","<-EUicA0m>xe","2004-10-04","lose weight"
"930","wildrider67","wildrider67@explore.net","kf@n]-;Vzs{[","1973-06-28","strengthen"
"931","slimycreamer34","slimycreamer34@adventure.com","u*@L>p.iczG'","1998-06-05","strengthen"
"932","prehistoriccreamer40","prehistoriccreamer40@island.io","\+]ih`uv^R}~","2007-03-14","bulk up"
"933","mysticskateboard36","mysticskateboard36@explore.net","Ds1T<22fod0e","1980-02-17","strengthen"
"934","mysticrider82","mysticrider82@adventure.com","4qIeQ^aw$*-w","1990-11-26","strengthen"
"935","quickcreamer71","quickcreamer71@adventure.com","rEEdg_GK!7O1","1996-12-19","bulk up"
"936","epicgeorge16","epicgeorge16@adventure.com","Q{L((;}#}~n5","1991-08-15","lose weight"
"937","mysticvietnam60","mysticvietnam60@explore.net","04Hxxof<M]:(","1999-05-05","lose weight"
"938","quietskateboard77","quietskateboard77@adventure.com","A3gspYSLQWI7","1986-08-19","lose weight"
"939","savvyrunner95","savvyrunner95@explore.net","^SCe*NN3,xGd","1984-05-08","bulk up"
"94","prehistoricvietnam41","prehistoricvietnam41@adventure.com","OmQbHr%\0.2[","1982-06-19","strengthen"
"940","prehistoriccreamer44","prehistoriccreamer44@adventure.com","M;#wj'oCC:m&","1994-12-24","lose weight"
"941","mysticcreamer95","mysticcreamer95@island.io","vk=!T?=zmIeE","1998-06-30","bulk up"
"942","savvyskateboard62","savvyskateboard62@island.io","8G?}L/wKc]:,","1977-02-17","strengthen"
"943","wildjumper77","wildjumper77@adventure.com","D.wING~{5FP|","1967-05-12","lose weight"
"944","mysticgecko3","mysticgecko3@island.io",";vP&@oVvy}gW","1987-08-31","bulk up"
"945","mysticrunner71","mysticrunner71@adventure.com","r1f50-=fDz?+","2005-06-12","lose weight"
"946","wildgeorge77","wildgeorge77@island.io","3+5^[;vkVIce","1984-08-22","lose weight"
"947","quickgeorge66","quickgeorge66@island.io","LH!N1""I&@;Gs""","1973-03-04","strengthen"
"948","quietgecko95","quietgecko95@island.io","DHd$;b9f5Qh3","2004-03-05","strengthen"
"949","georgejumper93","georgejumper93@adventure.com","thqbCeZcO7ky","1972-01-06","lose weight"
"95","wildjumper2","wildjumper2@island.io","\\jMf-On{*nh","1978-07-07","strengthen"
"950","mysticgecko63","mysticgecko63@explore.net","""`NH./ec$yQ|""","1960-03-26","strengthen"
"951","savvygecko71","savvygecko71@explore.net","mL[KI=b5!T~K","2000-04-25","strengthen"
"952","quickvietnam41","quickvietnam41@explore.net","_>0hars;+U#b","1984-09-13","bulk up"
"953","quickgecko69","quickgecko69@island.io","v7O<9ft<8v?N","1986-05-22","bulk up"
"954","quietthinker24","quietthinker24@island.io","F`RL""50BF+pN""","1981-01-13","lose weight"
"955","wildjumper10","wildjumper10@explore.net","<V;5+C{Zhr|.","1998-09-19","bulk up"
"956","quickrunner44","quickrunner44@island.io","2XBj'7$\|k)Z","1977-12-01","bulk up"
"957","mysticrunner22","mysticrunner22@explore.net","1)U""aik#7G""""-""","1980-05-17","lose weight"
"958","slimygecko43","slimygecko43@adventure.com","s(R*lC}.cvon","2006-09-21","lose weight"
"959","savvyplayer75","savvyplayer75@adventure.com","Xxd&tPDGZD""}""","1990-12-29","lose weight"
"96","wildthinker6","wildthinker6@island.io","2&&lp5(6r)*3","1998-02-11","lose weight"
"960","vividthinker38","vividthinker38@island.io","vG(Ip$k{Z""W%""","1999-06-24","lose weight"
"961","coolrider16","coolrider16@island.io","5W%|3ZEcYN{p","1965-06-20","bulk up"
"962","mysticrunner53","mysticrunner53@explore.net","&\uFdE0r[v;U","1995-03-24","bulk up"
"963","coolgecko9","coolgecko9@explore.net","}__fX][N.*ug","1968-11-20","bulk up"
"964","prehistoricvietnam56","prehistoricvietnam56@adventure.com","$x0-7@_L'ND|","2006-04-09","bulk up"
"965","quickgeorge88","quickgeorge88@adventure.com","ia3Qh0sIX[}8","1987-05-09","bulk up"
"966","quietrunner87","quietrunner87@island.io","b!+N&|x99^yd","2007-10-29","lose weight"
"967","mysticpopcorn82","mysticpopcorn82@island.io","JyEsy*4MGGe;","1985-01-24","strengthen"
"968","quickplayer79","quickplayer79@island.io","y|_^ph]^>r#R","2004-09-18","strengthen"
"969","wildrider40","wildrider40@adventure.com","7dK{KK>+~taF","1992-11-17","lose weight"
"97","wildrider87","wildrider87@adventure.com","0~L4d?k*O9[h","1976-07-11","strengthen"
"970","savvythinker51","savvythinker51@island.io","-.w;GgA1xM0J","1961-05-05","strengthen"
"971","prehistoricrunner39","prehistoricrunner39@adventure.com","yU8{VRWs\Rnm","2008-07-27","strengthen"
"972","savvycreamer14","savvycreamer14@adventure.com","s7W9$4fVlO=n","1979-12-03","strengthen"
"973","quietjumper53","quietjumper53@explore.net",")UsEf#\;OM{d","1995-11-10","lose weight"
"974","epicvietnam63","epicvietnam63@explore.net","hp&J&DLG(""VN""","1984-09-23","bulk up"
"975","savvyvietnam86","savvyvietnam86@explore.net","5VUc#9.mjJ}Y","2008-07-11","lose weight"
"976","savvyplayer83","savvyplayer83@explore.net","&-9/(cLG<y`q","1991-03-10","lose weight"
"977","coolgeorge67","coolgeorge67@adventure.com","pGui']bb@CB.","1981-08-11","bulk up"
"978","prehistoricgecko37","prehistoricgecko37@adventure.com","ou~)fde)6Jzb","2001-11-02","strengthen"
"979","quickgeorge5","quickgeorge5@adventure.com","!{P1u7}hu+;s","1979-10-02","bulk up"
"98","savvyvietnam23","savvyvietnam23@island.io","*Gnl67qnxxPO","2001-06-14","bulk up"
"980","georgeplayer93","georgeplayer93@island.io","s'Tcg>;[""]hB""","2007-03-31","strengthen"
"981","quietthinker59","quietthinker59@island.io","1!'`R6Y!jcur","2008-10-04","bulk up"
"982","slimycreamer94","slimycreamer94@island.io","nl`UVj|.Q8}U","2005-12-31","bulk up"
"983","wildjumper24","wildjumper24@adventure.com","g^RXAR&C,`;Z","1985-04-30","bulk up"
"984","georgecreamer17","georgecreamer17@adventure.com","dP3?xj:9%\Xp","1969-01-31","bulk up"
"985","mysticthinker3","mysticthinker3@island.io","tggKWX'o{W,p","1992-05-31","bulk up"
"986","quickthinker52","quickthinker52@adventure.com","HD(Ft{DIVuav","1979-12-01","bulk up"
"987","wildrunner53","wildrunner53@explore.net","]oB`h`)VfOdP","1977-07-01","strengthen"
"988","vividgeorge86","vividgeorge86@adventure.com","RN1ifFJ[h8L*","1982-11-11","bulk up"
"989","coolvietnam86","coolvietnam86@island.io","G^K=|Yc|f!m9","1990-05-16","strengthen"
"99","epicskateboard89","epicskateboard89@adventure.com","yOHG$'IIN.13","1981-02-21","lose weight"
"990","prehistoricgeorge39","prehistoricgeorge39@adventure.com","v(OyVobjMNOK","1984-03-25","strengthen"
"991","coolcreamer92","coolcreamer92@island.io","MsAfc9Z8oJL)","1979-05-02","lose weight"
"992","slimythinker74","slimythinker74@island.io","Z)53Nw,^>KJu","2001-09-21","lose weight"
"993","wildgecko78","wildgecko78@adventure.com","Q[,AQEua`q.c","1964-03-13","bulk up"
"994","slimygeorge99","slimygeorge99@island.io","{Q:KAZqpD:OZ","1999-10-19","bulk up"
"995","coolskateboard46","coolskateboard46@island.io","[_Ft?ExJ8v~o","1971-02-11","strengthen"
"996","wildrider56","wildrider56@adventure.com","hnf5[.+BC6WL","1995-05-23","strengthen"
"997","mysticjumper55","mysticjumper55@island.io","4led#wguGwe,","1991-11-25","strengthen"
"998","vividgeorge5","vividgeorge5@island.io","<';d@|QDG@j{","1997-11-27","bulk up"
"999","epicplayer85","epicplayer85@island.io","^^aR,;2S3G<H","1970-03-15","bulk up"
